change,ctpd_irn,ctpd_name,district_irn,district_name
current_oeds_only,022550,Western Lake County Compact CTPD,045104,Willoughby-Eastlake City
legacy_only_not_current_oeds,021357,Bedford City Comprehensive CTPD,043794,Cleveland Heights-University Heights City
legacy_only_not_current_oeds,021357,Bedford City Comprehensive CTPD,044305,Maple Heights City
legacy_only_not_current_oeds,021357,Bedford City Comprehensive CTPD,044750,Shaker Heights City
legacy_only_not_current_oeds,021357,Bedford City Comprehensive CTPD,045005,Warrensville Heights City
legacy_only_not_current_oeds,022550,Western Lake County Compact CTPD,043950,Euclid City
legacy_only_not_current_oeds,022550,Western Lake County Compact CTPD,045492,Mentor Exempted Village
legacy_only_not_current_oeds,200020,Tri-Heights Career Prep Consortium CTPD,043562,Bedford City
legacy_only_not_current_oeds,200025,Mayfield Excel T.E.C.C. CTPD,045104,Willoughby-Eastlake City
