ctpd_org_key,ctpd_irn,ctpd_name,ctpd_status,active_traditional_districts
204690,021357,Bedford City Comprehensive CTPD,Open,1
220810,022546,Euclid City Comprehensive CTPD,Open,1
220811,022548,Mentor Exempted Village Comprehensive CTPD,Open,1
220812,022550,Western Lake County Compact CTPD,Open,2
192,200001,Apollo JVSD CTPD,Open,11
193,200002,Lima City CTPD,Open,1
203,200003,Heartland Technical Education Center CTPD,Open,5
215,200004,Ashtabula County Technical and Career Center CTPD,Open,7
229,200005,Tri-County JVSD CTPD,Open,8
240,200006,Belmont-Harrison Area JVSD CTPD,Open,8
248,200007,Southern Hills JVSD CTPD,Open,6
260,200008,Butler County JVSD CTPD,Open,11
271,200011,Springfield-Clark County JVSD CTPD,Open,7
277,200012,U S Grant JVSD CTPD,Open,4
289,200015,Columbiana County JVSD CTPD,Open,9
290,200016,East Liverpool City CTPD,Open,1
291,200019,Cleveland Municipal CTPD,Open,1
294,200020,Tri-Heights Career Prep Consortium CTPD,Open,4
295,200021,East Cleveland City CTPD,Open,1
299,200023,Lakewood City CTPD,Open,4
310,200025,Mayfield Excel T.E.C.C. CTPD,Open,9
311,200026,Parma City CTPD,Open,1
322,200027,Cuyahoga Valley JVSD CTPD,Open,8
329,200028,Polaris JVSD CTPD,Open,6
361,200030,Four County JVSD CTPD,Open,22
368,200031,Delaware County JVSD CTPD,Open,5
390,200032,EHOVE JVSD CTPD,Open,16
391,200033,Sandusky City CTPD,Open,1
396,200035,Columbus City CTPD,Open,4
417,200036,Eastland JVSD CTPD,Open,16
427,200037,Tolles Career & Technical Center CTPD,Open,7
428,200038,South-Western City CTPD,Open,1
448,200039,Penta County JVSD CTPD,Open,16
461,200040,Gallia-Jackson-Vinton JVSD CTPD,Open,6
471,200042,Greene County JVSD CTPD,Open,7
472,200043,Cincinnati City CTPD,Open,1
518,200044,Great Oaks Career Campuses,Open,36
527,200050,Jefferson County JVSD CTPD,Open,5
536,200051,Knox County JVSD CTPD,Open,6
552,200052,Auburn JVSD CTPD,Open,10
566,200054,Lawrence County JVSD CTPD,Open,7
579,200055,Licking County JVSD CTPD,Open,10
602,200056,Ohio Hi-Point JVSD CTPD,Open,14
603,200057,Lorain City CTPD,Open,1
619,200058,Lorain County JVSD CTPD,Open,13
620,200059,Oregon City CTPD,Open,1
622,200060,Sylvania City CTPD,Open,2
623,200061,Toledo City CTPD,Open,1
626,200062,Washington Local CTPD,Open,1
642,200063,Mahoning County JVSD CTPD,Open,13
643,200064,Youngstown City CTPD,Open,1
652,200066,Medina County JVSD CTPD,Open,6
657,200067,Meigs Local CTPD,Open,3
674,200069,Upper Valley JVSD CTPD,Open,13
677,200070,Switzerland of Ohio Local CTPD,Open,1
678,200071,Dayton City CTPD,Open,1
679,200072,Mad River Local CTPD,Open,1
714,200073,Miami Valley Career Technology JVSD CTPD,Open,27
716,200074,Morgan Local CTPD,Open,1
741,200075,Mid-East Ohio JVSD CTPD,Open,13
748,200077,Pike County Career Technology Center CTPD,Open,4
761,200078,Maplewood Area JVSD CTPD,Open,10
762,200079,College Corner Local CTPD,Open,1
763,200081,Madison Local CTPD,Open,1
764,200082,Mansfield City CTPD,Open,1
784,200083,Pioneer CTC JVSD CTPD,Open,14
799,200084,Pickaway-Ross County JVSD CTPD,Open,10
820,200085,Vanguard-Sentinel JVSD CTPD,Open,13
834,200086,Scioto County JVSD CTPD,Open,10
837,200089,Alliance City CTPD,Open,3
838,200090,Canton City CTPD,Open,1
839,200092,Massillon City CTPD,Open,1
843,200093,Stark County Career Compact,Open,4
854,200094,Stark County Area JVSD CTPD,Open,6
855,200095,Akron City CTPD,Open,1
859,200096,Four City Compact CTPD,Open,4
865,200097,Six District Voc Ed Compact CTPD,Open,6
872,200098,Portage Lakes JVSD CTPD,Open,4
894,200099,Trumbull County JVSD CTPD,Open,20
911,200101,Buckeye JVSD CTPD,Open,11
931,200102,Vantage JVSD CTPD,Open,12
940,200103,Warren County JVSD CTPD,Open,6
949,200104,Washington County JVSD CTPD,Open,6
962,200105,Wayne County JVSD CTPD,Open,10
965,200107,Ohio Valley Local CTPD,Open,2
971,200108,Coshocton County JVSD CTPD,Open,3
987,200111,Tri-Rivers JVSD CTPD,Open,9
990,200115,Canton Local CTPD,Open,4
1006,200116,Millstream Career Cooperative CTPD,Open,14
1007,200117,Greenville City CTPD,Open,1
1008,200119,Lancaster City CTPD,Open,1
1011,200120,Centerville-Kettering-Oakwood CTPD,Open,3
1024,200121,Tri Star CTPD,Open,9
1061,200600,Career Technical Planning District 600,Open,0
1063,200602,Career Technical Planning District 602,Open,0
