zcta,ctpd_count,sum_pct_of_zcta_ohio,primary_pct,second_pct,primary_margin,assignment_status
43001,1,0.9999999999999623,0.9999999999999623,0,0.9999999999999623,assigned
43002,2,1.0000000000002693,0.7391326149011629,0.2608673850991065,0.4782652298020564,assigned
43003,2,1.0000000000000315,0.9965873382090312,0.0034126617910002852,0.9931746764180309,assigned
43004,3,0.9999999999999879,0.7028763474198153,0.24979058477488386,0.45308576264493144,assigned
43005,1,1,1,0,1,assigned
43006,3,0.9999999999999669,0.4564023023845726,0.35031000011738916,0.10609230226718341,assigned
43007,1,1,1,0,1,assigned
43008,2,1.0000000000000473,0.99997550613849,2.449386155737031e-5,0.9999510122769326,assigned
43009,1,1,1,0,1,assigned
43010,1,0.9999999999998012,0.9999999999998012,0,0.9999999999998012,assigned
43011,4,0.9999999999999868,0.6356879563656984,0.16449575842980166,0.47119219793589673,assigned
43013,3,1.0000000000000144,0.9607812954173958,0.03703334952858401,0.9237479458888117,assigned
43014,3,1.0000000000000167,0.8587470236024449,0.11059027892763787,0.7481567446748071,assigned
43015,2,0.999999999999982,0.9917154869007659,0.00828451309921605,0.9834309738015499,assigned
43016,3,1.00000000000002,0.8652240697560714,0.11118272255011338,0.754041347205958,assigned
43017,2,0.9999999999999867,0.9972385592055043,0.0027614407944823896,0.9944771184110219,assigned
43018,1,0.9999999999999859,0.9999999999999859,0,0.9999999999999859,assigned
43019,3,1.0000000000000182,0.6997785994135315,0.21583276038213584,0.48394583903139565,assigned
43021,2,1.0000000000000249,0.9980147860292773,0.001985213970747542,0.9960295720585297,assigned
43022,2,1.000000000000028,0.8668496491942328,0.13315035080579524,0.7336992983884376,assigned
43023,1,1,1,0,1,assigned
43025,2,0.9999999999999684,0.9999952567207818,4.743279186523983e-6,0.9999905134415953,assigned
43026,2,1.0000000000000413,0.9844955988925994,0.015504401107441905,0.9689911977851575,assigned
43027,1,0.9999999999998682,0.9999999999998682,0,0.9999999999998682,assigned
43028,1,1,1,0,1,assigned
43029,1,1,1,0,1,assigned
43030,1,1,1,0,1,assigned
43031,2,1.0000000000000016,0.9555985574196022,0.04440144258039927,0.911197114839203,assigned
43032,1,0.9999999999981536,0.9999999999981536,0,0.9999999999981536,assigned
43033,1,1,1,0,1,assigned
43035,1,1,1,0,1,assigned
43036,1,1,1,0,1,assigned
43037,2,0.9999999999998364,0.5416311941797202,0.4583688058201162,0.08326238835960398,assigned
43040,4,0.9999999999999987,0.6442793550566618,0.21556715269277973,0.4287122023638821,assigned
43044,3,0.9999999999999745,0.7136781724208211,0.1988173285728179,0.5148608438480032,assigned
43045,2,0.9999999999999181,0.8899669209377165,0.1100330790622016,0.7799338418755148,assigned
43046,3,1.0000000000000084,0.8740100544187278,0.12597047982561582,0.748039574593112,assigned
43047,1,1,1,0,1,assigned
43050,3,1.0000000000000175,0.842164529850245,0.15175859295592714,0.6904059368943178,assigned
43054,4,1.00000000000002,0.74133132806766,0.20161338946340066,0.5397179386042593,assigned
43055,3,0.9999999999999929,0.9777060080354041,0.022293808637329698,0.9554121993980744,assigned
43056,2,0.999999999999999,0.9060176400299979,0.09398235997000112,0.8120352800599967,assigned
43060,1,0.9999999999999889,0.9999999999999889,0,0.9999999999999889,assigned
43061,4,0.999999999999984,0.7710980655457546,0.14926635757605544,0.6218317079696991,assigned
43062,2,1.0000000000000027,0.9999742305182974,2.576948170520987e-5,0.9999484610365922,assigned
43064,1,0.9999999999999993,0.9999999999999993,0,0.9999999999999993,assigned
43065,2,0.9999999999999983,0.8925209013244522,0.10747909867554613,0.785041802648906,assigned
43066,2,1.00000000000002,0.9422628854819265,0.05773711451809355,0.8845257709638329,assigned
43067,2,1.0000000000000708,0.7381948349071632,0.26180516509290763,0.47638966981425557,assigned
43068,3,0.9999999999999348,0.654642670471034,0.327967300230557,0.326675370240477,assigned
43070,1,0.9999999999999256,0.9999999999999256,0,0.9999999999999256,assigned
43071,2,0.9999999999999956,0.9053724729513538,0.09462752704864177,0.8107449459027121,assigned
43072,2,0.9999999999999689,0.9999090339659168,9.096603405212222e-5,0.9998180679318647,assigned
43074,4,1.0000000000000204,0.9542123656665347,0.025113812847891406,0.9290985528186433,assigned
43076,3,0.999999999999986,0.7169609163245353,0.19327872197688,0.5236821943476553,assigned
43077,1,1,1,0,1,assigned
43078,2,1.0000000000000098,0.9856386587229493,0.01436134127706056,0.9712773174458887,assigned
43080,2,1.0000000000000062,0.9199539054132578,0.0800460945867483,0.8399078108265096,assigned
43081,3,0.9999999999999932,0.7661365251642961,0.1852027974212483,0.5809337277430477,assigned
43082,3,0.9999999999999782,0.5108829721335386,0.4889678199556609,0.021915152177877706,assigned
43084,2,1.0000000000000102,0.9793869019418556,0.020613098058154686,0.9587738038837009,assigned
43085,2,0.9999999999999829,0.974087602145215,0.0259123978547679,0.948175204290447,assigned
43101,1,0.9999999999999791,0.9999999999999791,0,0.9999999999999791,assigned
43102,2,1.0000000000000102,0.9595950482253539,0.040404951774656354,0.9191900964506976,assigned
43103,2,0.9999999999999961,0.9722082469696766,0.027791753030319503,0.944416493939357,assigned
43105,2,1.000000000000002,0.8928901812231598,0.10710981877684227,0.7857803624463175,assigned
43106,2,1.0000000000000044,0.9994900102862848,5.099897137196557e-4,0.9989800205725652,assigned
43107,2,1.0000000000000058,0.9176896024629926,0.08231039753701326,0.8353792049259793,assigned
43109,1,1,1,0,1,assigned
43110,2,0.9999999999999953,0.9589294987639355,0.04107050123605982,0.9178589975278757,assigned
43111,1,0.999999999999971,0.999999999999971,0,0.999999999999971,assigned
43112,2,1.0000000000000133,0.9937224371398685,0.00627756286014476,0.9874448742797237,assigned
43113,2,1.0000000000000069,0.9422618590260526,0.05773814097395417,0.8845237180520985,assigned
43115,2,0.9999999999999802,0.990192447763615,0.00980755223636521,0.9803848955272498,assigned
43116,1,0.999999999999961,0.999999999999961,0,0.999999999999961,assigned
43117,1,1,1,0,1,assigned
43119,3,0.9999999999999363,0.6557649365239909,0.29535566401204294,0.360409272511948,assigned
43123,4,1.0000000000000275,0.965606529275983,0.019656313277968983,0.945950215998014,assigned
43125,2,1.0000000000000202,0.9764863742671197,0.0235136257329006,0.9529727485342191,assigned
43126,1,1,1,0,1,assigned
43127,1,0.9999999999999795,0.9999999999999795,0,0.9999999999999795,assigned
43128,3,1.0000000000000946,0.9832960204080339,0.016610211714563613,0.9666858086934703,assigned
43130,3,0.9999999999999997,0.6484805015586876,0.3496488060200729,0.2988316955386147,assigned
43135,3,1.0000000000000018,0.9210028105189094,0.07117195315947081,0.8498308573594386,assigned
43136,1,1,1,0,1,assigned
43137,3,1.000000000000037,0.8009406989547485,0.16536656432264923,0.6355741346320993,assigned
43138,3,0.9999999999999942,0.995987876243408,0.0027992845642212014,0.9931885916791868,assigned
43140,4,1.0000000000000109,0.9759982312639202,0.012299874395710397,0.9636983568682098,assigned
43142,1,0.9999999999999531,0.9999999999999531,0,0.9999999999999531,assigned
43143,3,1.0000000000000016,0.5246114223306816,0.29729659689180216,0.22731482543887943,assigned
43144,1,1,1,0,1,assigned
43145,2,1.0000000000000056,0.65226296420113,0.34773703579887555,0.3045259284022544,assigned
43146,4,0.9999999999999774,0.48341228753804716,0.31930047332693823,0.16411181421110893,assigned
43147,3,1.0000000000000022,0.9675468945275706,0.029248041598143218,0.9382988529294274,assigned
43148,2,0.9999999999999482,0.8983413371927234,0.1016586628072248,0.7966826743854986,assigned
43149,2,0.9999999999999998,0.8676113698471882,0.1323886301528115,0.7352227396943767,assigned
43150,3,1.0000000000000093,0.6240129084149375,0.3544326254295972,0.2695802829853403,assigned
43151,1,1,1,0,1,assigned
43152,3,0.999999999999956,0.5280148876482158,0.24143585540435314,0.28657903224386266,assigned
43153,4,1.0000000000000104,0.7530958153178082,0.1375078506692967,0.6155879646485115,assigned
43154,2,0.9999999999999204,0.6640922090414544,0.335907790958466,0.32818441808298837,assigned
43155,2,0.9999999999999998,0.7070863029490786,0.2929136970509212,0.4141726058981574,assigned
43156,2,0.9999999999998831,0.9997731100379266,2.268899619565532e-4,0.99954622007597,assigned
43157,1,0.9999999999999373,0.9999999999999373,0,0.9999999999999373,assigned
43158,1,0.9999999999999428,0.9999999999999428,0,0.9999999999999428,assigned
43160,2,1.0000000000000107,0.946439347773365,0.053560652226645744,0.8928786955467193,assigned
43162,2,0.9999999999999988,0.9999942356513155,5.764348683292875e-6,0.9999884713026322,assigned
43164,1,0.999999999999987,0.999999999999987,0,0.999999999999987,assigned
43201,1,1,1,0,1,assigned
43202,1,1,1,0,1,assigned
43203,1,1,1,0,1,assigned
43204,3,0.9999999999998886,0.6810537314007749,0.2793326428531217,0.40172108854765315,assigned
43205,2,0.999999999999918,0.9994453667937773,5.546332061407162e-4,0.9988907335876366,assigned
43206,1,0.9999999999999752,0.9999999999999752,0,0.9999999999999752,assigned
43207,3,1.0000000000001072,0.5501868775017171,0.44952592279902587,0.10066095470269126,assigned
43209,2,0.999999999999903,0.607281420477875,0.3927185795220279,0.21456284095584716,assigned
43210,1,1,1,0,1,assigned
43211,1,1,1,0,1,assigned
43212,1,1,1,0,1,assigned
43213,2,1.000000000000087,0.5561877426489229,0.44381225735116414,0.11237548529775876,assigned
43214,2,0.9999999999999754,0.9999158757538805,8.412424609484701e-5,0.9998317515077857,assigned
43215,2,0.9999999999998614,0.9674976781352955,0.03250232186456593,0.9349953562707296,assigned
43217,2,0.9999999999999755,0.9795876167424019,0.020412383257573594,0.9591752334848284,assigned
43218,1,1,1,0,1,assigned
43219,2,1.0000000000000657,0.9167007610393078,0.08329923896075797,0.8334015220785498,assigned
43220,2,1.0000000000000417,0.9274615426689852,0.07253845733105663,0.8549230853379286,assigned
43221,2,0.9999999999998719,0.6891595103301733,0.3108404896696986,0.3783190206604747,assigned
43222,2,0.9999999999999875,0.972160375342751,0.027839624657236432,0.9443207506855146,assigned
43223,2,1.000000000000024,0.6669233387297702,0.33307666127025387,0.3338466774595163,assigned
43224,1,1,1,0,1,assigned
43227,2,0.9999999999999473,0.9276241868015079,0.07237581319843933,0.8552483736030686,assigned
43228,3,1.0000000000000975,0.5638160695026456,0.34335654214237316,0.22045952736027247,assigned
43229,2,1.0000000000000826,0.8663835968259532,0.13361640317412948,0.7327671936518237,assigned
43230,2,1.0000000000000047,0.7354168995091175,0.2645831004908872,0.4708337990182303,assigned
43231,1,0.9999999999999601,0.9999999999999601,0,0.9999999999999601,assigned
43232,2,0.9999999999999483,0.6036857275021057,0.39631427249784257,0.20737145500426313,assigned
43235,3,1.0000000000000273,0.5939213102147202,0.2463355601691074,0.34758575004561276,assigned
43240,1,1,1,0,1,assigned
43302,2,1.0000000000000104,0.9605561872091882,0.03944381279082221,0.921112374418366,assigned
43310,1,0.9999999999999999,0.9999999999999999,0,0.9999999999999999,assigned
43311,1,1,1,0,1,assigned
43314,2,1.0000000000000129,0.8809390748532547,0.11906092514675805,0.7618781497064967,assigned
43315,2,0.9999999999999954,0.9807711670858319,0.01922883291416355,0.9615423341716683,assigned
43316,2,1.0000000000000047,0.8392027141520095,0.16079728584799521,0.6784054283040143,assigned
43317,1,1,1,0,1,assigned
43318,1,1,1,0,1,assigned
43319,1,0.999999999999961,0.999999999999961,0,0.999999999999961,assigned
43320,2,0.9999999999999952,0.9853253675330422,0.01467463246695295,0.9706507350660892,assigned
43321,1,1,1,0,1,assigned
43322,1,1,1,0,1,assigned
43323,3,1.0000000000000293,0.8244844925842593,0.13952499438868265,0.6849594981955767,assigned
43324,1,1,1,0,1,assigned
43325,1,1,1,0,1,assigned
43326,3,0.9999999999999871,0.8693498199422101,0.12375988986595655,0.7455899300762535,assigned
43330,1,0.9999999999994779,0.9999999999994779,0,0.9999999999994779,assigned
43331,2,1.0000000000000009,0.999999991085847,8.914153798138813e-9,0.9999999821716933,assigned
43332,3,1.0000000000000406,0.8404209700084272,0.1387080394928399,0.7017129305155873,assigned
43333,2,1.0000000000000486,0.8871036540924832,0.11289634590756543,0.7742073081849177,assigned
43334,2,0.9999999999999762,0.8572194597783148,0.14278054022166148,0.7144389195566534,assigned
43336,1,1,1,0,1,assigned
43337,2,1.0000000000000175,0.812227705213123,0.18777229478689456,0.6244554104262285,assigned
43338,2,0.9999999999999846,0.6453327999699267,0.3546672000300579,0.29066559993986874,assigned
43340,2,0.9999999999999605,0.791238263881539,0.20876173611842155,0.5824765277631174,assigned
43341,1,1,1,0,1,assigned
43342,2,0.999999999999987,0.9651247874074833,0.03487521259250366,0.9302495748149796,assigned
43343,2,0.9999999999999747,0.9338427696741718,0.06615723032580288,0.8676855393483689,assigned
43344,3,1.0000000000000149,0.941855869809756,0.04014835646302644,0.9017075133467296,assigned
43345,2,1.0000000000000042,0.9958967409583114,0.00410325904169286,0.9917934819166185,assigned
43346,1,1,1,0,1,assigned
43347,1,0.9999999999999791,0.9999999999999791,0,0.9999999999999791,assigned
43348,1,1,1,0,1,assigned
43350,1,0.9999999999997853,0.9999999999997853,0,0.9999999999997853,assigned
43351,3,0.9999999999999946,0.9563515953425978,0.032983337343848965,0.9233682579987489,assigned
43356,2,0.9999999999999885,0.7253273074379145,0.2746726925620739,0.45065461487584063,assigned
43357,1,1,1,0,1,assigned
43358,2,1.0000000000000369,0.6613961664957754,0.3386038335042615,0.3227923329915139,assigned
43359,2,0.9999999999999758,0.8695184719354041,0.13048152806457164,0.7390369438708324,assigned
43360,1,0.9999999999999822,0.9999999999999822,0,0.9999999999999822,assigned
43402,1,0.9999999999999954,0.9999999999999954,0,0.9999999999999954,assigned
43403,1,1,1,0,1,assigned
43406,2,1.0000000000000926,0.584104099345934,0.41589590065415855,0.16820819869177545,assigned
43407,1,0.9999999999999981,0.9999999999999981,0,0.9999999999999981,assigned
43408,1,1,1,0,1,assigned
43410,2,0.9999999999999277,0.6635356881134167,0.33646431188651105,0.32707137622690563,assigned
43412,2,0.9999999999999843,0.616141888131983,0.38385811186800134,0.23228377626398167,assigned
43413,1,0.999999999999998,0.999999999999998,0,0.999999999999998,assigned
43414,1,0.9999999999999016,0.9999999999999016,0,0.9999999999999016,assigned
43416,2,0.9999999999999948,0.9999717638782807,2.8236121714068727e-5,0.9999435277565666,assigned
43420,2,0.9999999999999951,0.998065452126341,0.0019345478736541221,0.9961309042526869,assigned
43430,1,0.9999999999999873,0.9999999999999873,0,0.9999999999999873,assigned
43431,2,0.9999999999999978,0.759624835720213,0.2403751642797848,0.5192496714404282,assigned
43432,1,1,1,0,1,assigned
43433,1,0.9999999999999502,0.9999999999999502,0,0.9999999999999502,assigned
43434,1,1,1,0,1,assigned
43435,1,1,1,0,1,assigned
43436,1,0.9999999999999831,0.9999999999999831,0,0.9999999999999831,assigned
43437,1,1,1,0,1,assigned
43438,1,0.9999999999999597,0.9999999999999597,0,0.9999999999999597,assigned
43439,1,0.9999999999999658,0.9999999999999658,0,0.9999999999999658,assigned
43440,1,0.9307266937877856,0.9307266937877856,0,0.9307266937877856,assigned
43442,2,0.9999999999999829,0.8731778518058639,0.12682214819411897,0.746355703611745,assigned
43443,1,1,1,0,1,assigned
43445,2,1.0000000000000138,0.8204177124867009,0.17958228751331276,0.6408354249733882,assigned
43446,1,0.9999999999998757,0.9999999999998757,0,0.9999999999998757,assigned
43447,1,0.9999999999999876,0.9999999999999876,0,0.9999999999999876,assigned
43449,3,0.9999999999999801,0.9537481638554791,0.04608212516198546,0.9076660386934936,assigned
43450,1,0.9999999999999722,0.9999999999999722,0,0.9999999999999722,assigned
43451,1,0.9999999999999973,0.9999999999999973,0,0.9999999999999973,assigned
43452,3,0.9999999792005935,0.9109831393404053,0.0475863259591212,0.8633968133812842,assigned
43456,1,0.9999999995180818,0.9999999995180818,0,0.9999999995180818,assigned
43457,2,0.9999999999999925,0.9012679547372062,0.09873204526278623,0.80253590947442,assigned
43458,1,1,1,0,1,assigned
43460,1,1,1,0,1,assigned
43462,1,0.9999999999999823,0.9999999999999823,0,0.9999999999999823,assigned
43463,1,1,1,0,1,assigned
43464,2,0.9999999999999808,0.6102379028296651,0.38976209717031574,0.22047580565934932,assigned
43465,1,0.9999999999999417,0.9999999999999417,0,0.9999999999999417,assigned
43466,2,1.0000000000000082,0.9999971178461569,2.8821538514653172e-6,0.9999942356923054,assigned
43467,1,0.9999999999997856,0.9999999999997856,0,0.9999999999997856,assigned
43468,1,0.9999999999999817,0.9999999999999817,0,0.9999999999999817,assigned
43469,1,0.9999999999999544,0.9999999999999544,0,0.9999999999999544,assigned
43501,1,0.9999999999999918,0.9999999999999918,0,0.9999999999999918,assigned
43502,1,1,1,0,1,assigned
43504,1,0.9999999999999986,0.9999999999999986,0,0.9999999999999986,assigned
43505,1,0.9999999999996939,0.9999999999996939,0,0.9999999999996939,assigned
43506,1,0.9999999999999911,0.9999999999999911,0,0.9999999999999911,assigned
43510,1,0.9999999999999807,0.9999999999999807,0,0.9999999999999807,assigned
43511,3,0.9999999999999688,0.6055943903711642,0.33692484802453027,0.268669542346634,assigned
43512,2,1.0000000000000164,0.9461341722440515,0.05386582775596484,0.8922683444880867,assigned
43515,2,1.000000000000009,0.9960395409704744,0.0039604590295347014,0.9920790819409397,assigned
43516,3,0.9999999999999832,0.7437279602308886,0.25091484440825557,0.49281311582263304,assigned
43517,1,0.9996299913379689,0.9996299913379689,0,0.9996299913379689,assigned
43518,1,0.9994505033919505,0.9994505033919505,0,0.9994505033919505,assigned
43519,1,1,1,0,1,assigned
43520,1,0.9999999999998724,0.9999999999998724,0,0.9999999999998724,assigned
43521,1,1,1,0,1,assigned
43522,2,1.0000000000000242,0.9998756791816018,1.2432081842230066e-4,0.9997513583631795,assigned
43523,1,0.9999999999999868,0.9999999999999868,0,0.9999999999999868,assigned
43524,2,0.9999999999999934,0.9999828342100083,1.7165789985172434e-5,0.9999656684200232,assigned
43525,1,1,1,0,1,assigned
43526,2,0.9999903217040504,0.9310602386723792,0.06893008303167127,0.8621301556407079,assigned
43527,1,1,1,0,1,assigned
43528,4,1.000000000000026,0.6753914720537785,0.2517085585679298,0.4236829134858487,assigned
43529,1,1,1,0,1,assigned
43530,1,0.9999999999996715,0.9999999999996715,0,0.9999999999996715,assigned
43531,1,1,1,0,1,assigned
43532,2,1.0000000000000249,0.9029697921458584,0.09703020785416638,0.805939584291692,assigned
43533,1,0.9999999999999964,0.9999999999999964,0,0.9999999999999964,assigned
43534,2,0.9999999999999717,0.9296247960062295,0.07037520399374221,0.8592495920124873,assigned
43535,1,0.9999999999999988,0.9999999999999988,0,0.9999999999999988,assigned
43536,1,1,1,0,1,assigned
43537,2,0.9999999999999983,0.999660224559184,3.3977544081432217e-4,0.9993204491183697,assigned
43540,1,1,1,0,1,assigned
43541,1,0.9999999999999778,0.9999999999999778,0,0.9999999999999778,assigned
43542,1,0.9999999999999826,0.9999999999999826,0,0.9999999999999826,assigned
43543,1,1,1,0,1,assigned
43545,2,0.9999999999999989,0.9999947541328372,5.245867161705023e-6,0.9999895082656756,assigned
43547,1,1,1,0,1,assigned
43548,2,0.9999999999999836,0.9869899989612332,0.013010001038750415,0.9739799979224828,assigned
43549,1,0.9999999999999967,0.9999999999999967,0,0.9999999999999967,assigned
43551,1,0.9999999999999896,0.9999999999999896,0,0.9999999999999896,assigned
43553,1,0.9999999999999736,0.9999999999999736,0,0.9999999999999736,assigned
43554,1,1,1,0,1,assigned
43555,1,0.9999999999999286,0.9999999999999286,0,0.9999999999999286,assigned
43556,2,1.000000000000004,0.9997770338992491,2.229661007549868e-4,0.9995540677984941,assigned
43557,1,0.9999999999999478,0.9999999999999478,0,0.9999999999999478,assigned
43558,3,0.9999999999999999,0.5949161099694377,0.37934906452881245,0.21556704544062522,assigned
43560,2,0.999999999999884,0.8421692787396664,0.15783072126021755,0.6843385574794488,assigned
43565,1,1,1,0,1,assigned
43566,1,1,1,0,1,assigned
43567,1,1,1,0,1,assigned
43569,2,0.9999999999999929,0.9999993415205708,6.584794220592641e-7,0.9999986830411487,assigned
43570,1,0.9999999999999852,0.9999999999999852,0,0.9999999999999852,assigned
43571,1,0.9999999999999736,0.9999999999999736,0,0.9999999999999736,assigned
43604,1,0.9999999999999731,0.9999999999999731,0,0.9999999999999731,assigned
43605,3,1.0000000000000215,0.9805137526106322,0.013495570182103187,0.967018182428529,assigned
43606,3,1.0000000000000009,0.6505235734537909,0.19529257492718305,0.4552309985266078,assigned
43607,2,0.9999999999999779,0.9999997348263736,2.6517360434464684e-7,0.9999994696527693,assigned
43608,2,0.9999999999999357,0.9576135359299828,0.04238646406995291,0.9152270718600298,assigned
43609,2,1.0000000000000189,0.9999980787868381,1.921213180743393e-6,0.9999961575736573,assigned
43610,1,1,1,0,1,assigned
43611,2,0.9999999799242032,0.6148040231049272,0.38519595681927593,0.22960806628565128,assigned
43612,2,0.9999999999999905,0.6528117510960934,0.3471882489038971,0.30562350219219625,assigned
43613,2,0.9999999999998996,0.5995595381125494,0.4004404618873503,0.1991190762251991,assigned
43614,2,0.9999999999999873,0.8776704000717834,0.12232959992820394,0.7553408001435795,assigned
43615,4,0.999999999999975,0.5691906629427484,0.26548294423172947,0.303707718711019,assigned
43616,2,0.9999999933889475,0.9999602339316284,3.9759457319113015e-5,0.9999204744743092,assigned
43617,3,0.9999999999999477,0.6414668922955188,0.3585322768892959,0.2829346154062229,assigned
43619,2,1.000000000000003,0.9999760798122291,2.3920187773902257e-5,0.9999521596244553,assigned
43620,1,1,1,0,1,assigned
43623,3,0.9999999999999468,0.5488600035852665,0.4483536572748986,0.10050634631036792,assigned
43701,1,1,1,0,1,assigned
43711,1,1,1,0,1,assigned
43713,2,0.9999999999999546,0.9994256067902408,5.74393209713776e-4,0.9988512135805271,assigned
43716,2,1.0000000000000124,0.9993041764586239,6.958235413884414e-4,0.9986083529172355,assigned
43717,1,1,1,0,1,assigned
43718,2,0.9999999999999238,0.9474634742966098,0.05253652570331399,0.8949269485932958,assigned
43719,2,1.0000000000000253,0.9999891145097101,1.0885490315166882e-5,0.9999782290193949,assigned
43720,2,0.9999999999999831,0.9266847516371961,0.07331524836278704,0.8533695032744091,assigned
43721,1,0.9999999999998623,0.9999999999998623,0,0.9999999999998623,assigned
43722,1,0.999999999999977,0.999999999999977,0,0.999999999999977,assigned
43723,1,0.9999999999999976,0.9999999999999976,0,0.9999999999999976,assigned
43724,4,0.9999999999999959,0.925650008431141,0.04036631305409967,0.8852836953770413,assigned
43725,3,0.9999999999999889,0.996779856446474,0.002134463366141749,0.9946453930803323,assigned
43727,1,1,1,0,1,assigned
43728,3,0.9999999999999767,0.9654361112414077,0.03442570284669234,0.9310104083947154,assigned
43730,3,1.0000000000000642,0.7346042980097611,0.2653479084227163,0.4692563895870448,assigned
43731,3,1.0000000000000278,0.4839358705013742,0.40613983793589886,0.07779603256547535,assigned
43732,2,0.99999999999999,0.9999982739349982,1.726064991786994e-6,0.9999965478700064,assigned
43733,1,0.99999999999987,0.99999999999987,0,0.99999999999987,assigned
43734,1,0.9999999999998433,0.9999999999998433,0,0.9999999999998433,assigned
43735,1,1,1,0,1,assigned
43736,1,1,1,0,1,assigned
43738,1,0.9999999999998701,0.9999999999998701,0,0.9999999999998701,assigned
43739,2,0.9999999999998982,0.9961555289192033,0.0038444710806948396,0.9923110578385085,assigned
43740,1,1,1,0,1,assigned
43746,2,0.9999999999999691,0.9990006875607235,9.993124392456757e-4,0.9980013751214778,assigned
43747,2,1.0000000000000322,0.559876838162056,0.44012316183797623,0.1197536763240798,assigned
43748,3,0.9999999999999737,0.997737536543686,0.0022473826207412852,0.9954901539229447,assigned
43749,3,0.9999999999999926,0.5906018185803495,0.22691350453249431,0.36368831404785523,assigned
43750,1,0.999999999999966,0.999999999999966,0,0.999999999999966,assigned
43754,2,1.0000000000000187,0.91615527407332,0.08384472592669867,0.8323105481466213,assigned
43755,1,1,1,0,1,assigned
43756,3,0.9999999999999829,0.9530235599864068,0.03333715648719377,0.9196864034992129,assigned
43758,1,1,1,0,1,assigned
43759,1,0.9999999999999836,0.9999999999999836,0,0.9999999999999836,assigned
43760,1,0.9999999999999954,0.9999999999999954,0,0.9999999999999954,assigned
43761,1,0.9999999999998075,0.9999999999998075,0,0.9999999999998075,assigned
43762,2,0.9999999999999921,0.982654921171606,0.01734507882838608,0.9653098423432199,assigned
43764,2,1.0000000000000102,0.9021768854031679,0.09782311459684231,0.8043537708063255,assigned
43766,1,0.9999999999999418,0.9999999999999418,0,0.9999999999999418,assigned
43767,1,0.9999999999999442,0.9999999999999442,0,0.9999999999999442,assigned
43768,1,0.9999999999999865,0.9999999999999865,0,0.9999999999999865,assigned
43771,1,0.9999999999999912,0.9999999999999912,0,0.9999999999999912,assigned
43772,1,0.9999999999999987,0.9999999999999987,0,0.9999999999999987,assigned
43773,2,0.9999999999999942,0.9999999822283853,1.7771608928723395e-8,0.9999999644567763,assigned
43777,3,1.000000000000033,0.9325582641040087,0.06253492512138074,0.870023338982628,assigned
43778,1,0.9999999999999708,0.9999999999999708,0,0.9999999999999708,assigned
43779,1,0.9999999999999946,0.9999999999999946,0,0.9999999999999946,assigned
43780,1,0.9999999999999762,0.9999999999999762,0,0.9999999999999762,assigned
43782,1,1,1,0,1,assigned
43783,2,0.999999999999964,0.962631906223068,0.03736809377689593,0.9252638124461721,assigned
43786,1,1,1,0,1,assigned
43787,2,1.000000000000023,0.8429255451782265,0.15707445482179666,0.6858510903564299,assigned
43788,2,0.9999999999999892,0.8714306440701353,0.128569355929854,0.7428612881402813,assigned
43791,1,0.9999999999998462,0.9999999999998462,0,0.9999999999998462,assigned
43793,3,0.9999999999999446,0.9754758445528149,0.02450065159923762,0.9509751929535772,assigned
43802,2,0.9999999999999633,0.9745380464855583,0.025461953514404976,0.9490760929711534,assigned
43804,3,0.999999999999992,0.9027556950280613,0.0928277130895679,0.8099279819384934,assigned
43805,1,0.9999999999999339,0.9999999999999339,0,0.9999999999999339,assigned
43811,2,1.0000000000000084,0.7920903642949104,0.20790963570509813,0.5841807285898123,assigned
43812,3,0.9999999999999946,0.9513410241315757,0.04785754930969445,0.9034834748218813,assigned
43821,2,0.9999999999999913,0.8979409384357798,0.10205906156421152,0.7958818768715683,assigned
43822,4,1.0000000000000087,0.40515764739883003,0.39172955376614127,0.013428093632688765,assigned
43824,2,1.0000000000000078,0.7845037956746856,0.21549620432532215,0.5690075913493635,assigned
43830,2,1,0.7109975259560726,0.28900247404392754,0.42199505191214504,assigned
43832,3,1.0000000000000184,0.743454351013797,0.2435062367539276,0.4999481142598694,assigned
43836,1,0.9999999999998749,0.9999999999998749,0,0.9999999999998749,assigned
43837,2,0.9999999999999416,0.9256814763253436,0.07431852367459807,0.8513629526507456,assigned
43840,2,0.9999999999999605,0.839179903320201,0.16082009667975952,0.6783598066404415,assigned
43842,1,0.999999999999695,0.999999999999695,0,0.999999999999695,assigned
43843,2,1.0000000000000575,0.6885841607609654,0.31141583923909216,0.37716832152187324,assigned
43844,3,1.0000000000000109,0.9977929857081171,0.0021822928711200296,0.9956106928369971,assigned
43845,2,1.0000000000000233,0.9999999987467023,1.2533208931577316e-9,0.9999999974933814,assigned
43901,2,1.0000000000000977,0.7478885615395479,0.25211143846054995,0.4957771230789979,assigned
43902,1,0.9999999999999494,0.9999999999999494,0,0.9999999999999494,assigned
43903,3,0.999999999999988,0.5996829069838426,0.4003147886542068,0.19936811832963586,assigned
43905,1,1,1,0,1,assigned
43906,1,0.9999999988066672,0.9999999988066672,0,0.9999999988066672,assigned
43907,2,0.9999999999999988,0.9479569192326894,0.052043080767309374,0.8959138384653801,assigned
43908,2,0.9999999999999476,0.9277047466256816,0.07229525337426605,0.8554094932514156,assigned
43909,1,1,1,0,1,assigned
43910,2,0.9999999999999911,0.9283600644910341,0.071639935508957,0.8567201289820772,assigned
43912,1,0.9999999999999947,0.9999999999999947,0,0.9999999999999947,assigned
43913,1,0.9999986398754594,0.9999986398754594,0,0.9999986398754594,assigned
43914,1,0.9999999999998616,0.9999999999998616,0,0.9999999999998616,assigned
43915,1,0.9999999999994141,0.9999999999994141,0,0.9999999999994141,assigned
43917,2,0.9999999999999744,0.9129095934502246,0.08709040654974973,0.8258191869004748,assigned
43920,2,0.9999999621750681,0.7048862378758526,0.2951137242992156,0.40977251357663697,assigned
43925,1,0.9999999999997293,0.9999999999997293,0,0.9999999999997293,assigned
43926,1,1,1,0,1,assigned
43928,1,1,1,0,1,assigned
43930,2,1.000000000000003,0.8175927448552978,0.1824072551447054,0.6351854897105924,assigned
43931,1,0.9999999999999375,0.9999999999999375,0,0.9999999999999375,assigned
43932,2,0.9999999999999878,0.927305137854596,0.07269486214539178,0.8546102757092042,assigned
43933,2,0.999999998182479,0.6020321073420939,0.39796789084038503,0.20406421650170886,assigned
43934,1,1,1,0,1,assigned
43935,2,0.9999995650054244,0.7637496161196792,0.23624994888574521,0.5274996672339339,assigned
43938,1,0.9999999999747649,0.9999999999747649,0,0.9999999999747649,assigned
43939,2,1.0000000000000095,0.999457357400282,5.426425997276788e-4,0.9989147148005543,assigned
43940,1,0.9999999999999927,0.9999999999999927,0,0.9999999999999927,assigned
43942,1,0.9999999894637571,0.9999999894637571,0,0.9999999894637571,assigned
43943,2,0.9999998581685866,0.9940482227809048,0.005951635387681873,0.9880965873932229,assigned
43944,1,1,1,0,1,assigned
43945,3,0.9999999999999444,0.6103912042130335,0.2791495227229369,0.3312416814900966,assigned
43946,1,0.9999998968598105,0.9999998968598105,0,0.9999998968598105,assigned
43947,1,0.9999999961138832,0.9999999961138832,0,0.9999999961138832,assigned
43948,1,0.9999999999997996,0.9999999999997996,0,0.9999999999997996,assigned
43950,2,0.9999999999999721,0.9999947215343283,5.278465643807208e-6,0.9999894430686845,assigned
43951,1,1,1,0,1,assigned
43952,1,0.9999999992434009,0.9999999992434009,0,0.9999999992434009,assigned
43953,1,0.999999999999958,0.999999999999958,0,0.999999999999958,assigned
43961,1,1,1,0,1,assigned
43962,1,0.9999999999998614,0.9999999999998614,0,0.9999999999998614,assigned
43963,1,0.9999967304840555,0.9999967304840555,0,0.9999967304840555,assigned
43964,2,0.9999998910774678,0.999999866624277,2.4453190752849013e-8,0.9999998421710862,assigned
43967,1,0.9999999999997587,0.9999999999997587,0,0.9999999999997587,assigned
43968,2,0.9999999967798208,0.9599370562400549,0.04006294053976589,0.919874115700289,assigned
43971,2,0.9999999959544014,0.9241362181551125,0.07586377779928889,0.8482724403558236,assigned
43972,1,1,1,0,1,assigned
43973,3,1.0000000000000044,0.5212230752292527,0.47236140391521064,0.048861671314042066,assigned
43974,1,1,1,0,1,assigned
43976,2,0.9999999999999816,0.9990165820646446,9.834179353369631e-4,0.9980331641293076,assigned
43977,1,0.9999999999999688,0.9999999999999688,0,0.9999999999999688,assigned
43981,1,0.9999999999999788,0.9999999999999788,0,0.9999999999999788,assigned
43983,2,1.0000000000000815,0.8740413905921789,0.12595860940790268,0.7480827811842762,assigned
43985,1,0.9999999999998298,0.9999999999998298,0,0.9999999999998298,assigned
43986,3,0.9999999999999927,0.9702756437025203,0.029713307755005934,0.9405623359475144,assigned
43988,2,1.0000000000000584,0.6149389974288578,0.3850610025712005,0.2298779948576573,assigned
44001,1,1,1,0,1,assigned
44003,1,0.999999998147038,0.999999998147038,0,0.999999998147038,assigned
44004,1,0.9999999546525048,0.9999999546525048,0,0.9999999546525048,assigned
44010,1,0.9999999999999747,0.9999999999999747,0,0.9999999999999747,assigned
44011,2,1.0000000000000286,0.9999850105365123,1.4989463516353675e-5,0.999970021072996,assigned
44012,1,1,1,0,1,assigned
44017,1,0.9999999999999877,0.9999999999999877,0,0.9999999999999877,assigned
44021,2,1.0000000000000075,0.9465559656339398,0.05344403436606768,0.8931119312678721,assigned
44022,3,0.9999999999999896,0.9965469780868467,0.0032578941504444727,0.9932890839364023,assigned
44023,3,0.9999999999999967,0.9889007989548168,0.011096688263054275,0.9778041106917624,assigned
44024,2,1.0000000000000253,0.9842141990951702,0.015785800904855086,0.9684283981903151,assigned
44026,2,1.0000000000000369,0.9137556900324915,0.08624430996754529,0.8275113800649462,assigned
44028,3,0.9999999999999281,0.9353465040955737,0.063414906635703025,0.8719315974598707,assigned
44030,1,0.9999999684081488,0.9999999684081488,0,0.9999999684081488,assigned
44032,1,0.9999999999999921,0.9999999999999921,0,0.9999999999999921,assigned
44035,1,0.9999999999999938,0.9999999999999938,0,0.9999999999999938,assigned
44039,2,1.0000000000000087,0.9999047274227502,9.52725772583984e-5,0.9998094548454918,assigned
44040,1,0.9999999999999719,0.9999999999999719,0,0.9999999999999719,assigned
44041,2,0.9999999713609475,0.9770280259443753,0.022971945416572236,0.9540560805278031,assigned
44044,2,0.9999999999999888,0.9999929307889539,7.069211034833218e-6,0.999985861577919,assigned
44045,1,0.9999999999999007,0.9999999999999007,0,0.9999999999999007,assigned
44046,2,1.0000000000000204,0.9999520290133574,4.797098666287351e-5,0.9999040580266946,assigned
44047,1,1,1,0,1,assigned
44048,1,0.9999999999999836,0.9999999999999836,0,0.9999999999999836,assigned
44049,1,0.9999999999997823,0.9999999999997823,0,0.9999999999997823,assigned
44050,1,1,1,0,1,assigned
44052,2,0.9999999999999607,0.9332830475183163,0.06671695248164444,0.8665660950366718,assigned
44053,3,1.000000000000118,0.4749675987793888,0.3313161211899852,0.1436514775894036,assigned
44054,2,1.000000000000035,0.9999637692552659,3.623074476922589e-5,0.9999275385104966,assigned
44055,2,1.0000000000000007,0.5187959724812313,0.4812040275187693,0.03759194496246204,assigned
44056,2,0.9999999999999386,0.9998700971853798,1.2990281455879793e-4,0.999740194370821,assigned
44057,2,1.0000000000000362,0.9946767330141889,0.005323266985847224,0.9893534660283417,assigned
44060,3,0.9999999999999979,0.8709818711895209,0.12895969093726503,0.7420221802522559,assigned
44062,3,0.9999999999999911,0.7195352533949085,0.22497740565771196,0.4945578477371966,assigned
44064,2,1.000000000000017,0.9730628408395664,0.02693715916045075,0.9461256816791157,assigned
44065,2,0.9999999999999613,0.9998158944864189,1.8410551354235128e-4,0.9996317889728766,assigned
44067,2,1.0000000000000042,0.9999728250342855,2.7174965718669587e-5,0.9999456500685668,assigned
44068,1,1,1,0,1,assigned
44070,3,1.000000000000064,0.9996502143692758,3.434907179042594e-4,0.9993067236513715,assigned
44072,1,0.9999999999999851,0.9999999999999851,0,0.9999999999999851,assigned
44074,1,1,1,0,1,assigned
44076,2,0.9999999999999327,0.8506901482087882,0.14930985179114453,0.7013802964176437,assigned
44077,2,0.9999999999999554,0.9913082087890728,0.008691791210882644,0.9826164175781902,assigned
44080,1,1,1,0,1,assigned
44081,1,0.9999999999999708,0.9999999999999708,0,0.9999999999999708,assigned
44082,1,0.9999999993861713,0.9999999993861713,0,0.9999999993861713,assigned
44084,2,0.9999999999999457,0.9997404833636425,2.595166363032185e-4,0.9994809667273393,assigned
44085,1,0.9999999999999963,0.9999999999999963,0,0.9999999999999963,assigned
44086,2,0.9999999999999856,0.9831314420479907,0.016868557951994878,0.9662628840959959,assigned
44087,2,0.9999999999999923,0.9989195792034508,0.0010804207965415898,0.9978391584069092,assigned
44089,2,1.0000000000000262,0.7349573019353864,0.26504269806463965,0.4699146038707468,assigned
44090,3,0.9999999999999806,0.8095905927996432,0.17382444753339804,0.6357661452662451,assigned
44092,3,1.0000000000001183,0.999742367420175,2.309591461726599e-4,0.9995114082740023,assigned
44093,1,1,1,0,1,assigned
44094,4,1.0000000000000382,0.5205481712731544,0.47679730272384085,0.04375086854931359,assigned
44095,1,1,1,0,1,assigned
44099,2,0.9999999999999508,0.8574834416713788,0.14251655832857205,0.7149668833428068,assigned
44101,1,0.9999999999999332,0.9999999999999332,0,0.9999999999999332,assigned
44102,2,1.0000000000000056,0.9971726392261123,0.002827360773893316,0.994345278452219,assigned
44103,1,1,1,0,1,assigned
44104,1,1,1,0,1,assigned
44105,2,0.9999999999999827,0.8700840584530316,0.12991594154695102,0.7401681169060805,assigned
44106,3,0.9999999999999575,0.721356555524538,0.2771794618407876,0.4441770936837504,assigned
44107,2,0.9999995360567401,0.9894960856308241,0.010503450425915923,0.9789926352049082,assigned
44108,2,0.9999999999999689,0.9935474917537047,0.006452508246264199,0.9870949835074405,assigned
44109,2,0.9999999999999531,0.9959380552224845,0.004061944777468722,0.9918761104450158,assigned
44110,3,0.9999999999999409,0.9953484253150833,0.004429182958236833,0.9909192423568465,assigned
44111,3,1.000000000000021,0.9888621822821893,0.010508280231122097,0.9783539020510672,assigned
44112,3,1.0000000000000853,0.8004454473681366,0.19678692712559023,0.6036585202425464,assigned
44113,1,1,1,0,1,assigned
44114,1,0.9999999862170634,0.9999999862170634,0,0.9999999862170634,assigned
44115,1,1,1,0,1,assigned
44116,3,0.9999999632114243,0.9988544648534736,9.861905015459708e-4,0.9978682743519276,assigned
44117,3,0.9999999999999543,0.9784000852697656,0.021273122683944892,0.9571269625858208,assigned
44118,3,0.9999999999999736,0.9540029432792332,0.043366059990206,0.9106368832890271,assigned
44119,2,0.9999999999998261,0.6039169510230321,0.39608304897679403,0.20783390204623808,assigned
44120,2,1.0000000000000304,0.571648273457304,0.42835172654272646,0.1432965469145775,assigned
44121,4,0.9999999999998651,0.5994566136760878,0.3270629878664216,0.27239362580966625,assigned
44122,3,1.0000000000000406,0.5089357877680302,0.46638089821024536,0.0425548895577848,assigned
44123,1,0.9999999999999862,0.9999999999999862,0,0.9999999999999862,assigned
44124,1,1,1,0,1,assigned
44125,4,1.0000000000000444,0.9968252308057428,0.0016208205505468523,0.995204410255196,assigned
44126,3,1.0000000000000258,0.9689725350872002,0.030336233300547806,0.9386363017866524,assigned
44127,1,0.9999999999999633,0.9999999999999633,0,0.9999999999999633,assigned
44128,5,1.0000000000000577,0.560946195450091,0.37319178219908355,0.1877544132510074,assigned
44129,4,0.999999999999986,0.9408633831223652,0.03732382131352927,0.9035395618088359,assigned
44130,4,1.0000000000000215,0.5380402818593274,0.45475036768722077,0.08328991417210663,assigned
44131,3,1.0000000000000855,0.6896917588814434,0.30961817961801374,0.38007357926342966,assigned
44132,2,0.9999999999999124,0.9999975948044583,2.405195454190718e-6,0.9999951896090041,assigned
44133,4,0.9999999999999692,0.9994523185669847,4.759847090215979e-4,0.9989763338579631,assigned
44134,3,0.9999999999999144,0.974886508870195,0.025109969376409417,0.9497765394937856,assigned
44135,3,1.0000000000000488,0.9329831407780504,0.0670165652710936,0.8659665755069569,assigned
44136,3,0.9999999999999533,0.9999738794406631,2.3378331201171607e-5,0.9999505011094619,assigned
44137,3,0.9999999999998477,0.9877541163030086,0.011845338543011131,0.9759087777599974,assigned
44138,2,1.0000000000000753,0.9999583054602407,4.1694539834616866e-5,0.9999166109204061,assigned
44139,4,0.9999999999999565,0.9998081654528654,1.3509649523329688e-4,0.9996730689576322,assigned
44140,2,0.9999999999999637,0.9999899352355084,1.0064764455359885e-5,0.9999798704710531,assigned
44141,2,1.0000000000000107,0.9171596046317873,0.08284039536822335,0.8343192092635638,assigned
44142,3,1.0000000000000533,0.9935765907056061,0.004305498884813843,0.9892710918207923,assigned
44143,3,0.9999999999999982,0.9707435008154608,0.02924874880620178,0.941494752009259,assigned
44144,2,0.9999999999998854,0.695150096120923,0.3048499038789624,0.39030019224196066,assigned
44145,3,1.0000000000000369,0.9998793981792937,6.310219428651746e-5,0.9998162959850072,assigned
44146,4,1.0000000000000804,0.9759826217004286,0.01915022216016146,0.9568323995402671,assigned
44147,1,1,1,0,1,assigned
44149,3,1.0000000000000977,0.9815183775116162,0.01845505618644739,0.9630633213251688,assigned
44201,3,0.9999999999999778,0.9749940153496567,0.01818541856857599,0.9568085967810807,assigned
44202,4,0.9999999999999823,0.7663589777992589,0.12470726832396171,0.6416517094752971,assigned
44203,6,0.9999999999999987,0.8253365431246805,0.13023802343830518,0.6950985196863754,assigned
44212,2,0.9999999999999905,0.9999976820851187,2.3179148717349367e-6,0.999995364170247,assigned
44214,2,1.0000000000000409,0.8980237777275765,0.10197622227246443,0.7960475554551121,assigned
44215,1,1,1,0,1,assigned
44216,5,1.000000000000005,0.4567072113289796,0.32315603939172605,0.13355117193725358,assigned
44217,2,1.0000000000000535,0.8848733367093624,0.1151266632906911,0.7697466734186713,assigned
44221,2,0.9999999999999813,0.9953226457783324,0.0046773542216489985,0.9906452915566835,assigned
44223,3,0.9999999999999926,0.999856496670924,1.2321223723951185e-4,0.9997332844336845,assigned
44224,2,0.9999999999999869,0.9999999802933812,1.9706605691997763e-8,0.9999999605867755,assigned
44230,2,0.9999999999999835,0.932528511469269,0.0674714885307145,0.8650570229385545,assigned
44231,3,1.0000000000000087,0.8492862529024972,0.1507136663536123,0.6985725865488849,assigned
44232,1,0.9999999999992241,0.9999999999992241,0,0.9999999999992241,assigned
44233,2,1.0000000000000104,0.999933287600708,6.671239930235996e-5,0.9998665752014056,assigned
44234,2,1.000000000000011,0.652323016764169,0.3476769832358422,0.30464603352832687,assigned
44235,1,1,1,0,1,assigned
44236,4,0.9999999999999959,0.8832250038223803,0.10798193632959577,0.7752430674927846,assigned
44240,2,1.0000000000000573,0.5290736133938435,0.47092638660621383,0.05814722678762968,assigned
44241,3,1.000000000000006,0.9969258365781631,0.0022147962775476747,0.9947110403006154,assigned
44243,1,0.9999999999999781,0.9999999999999781,0,0.9999999999999781,assigned
44250,1,0.9999999999999604,0.9999999999999604,0,0.9999999999999604,assigned
44251,1,0.9999999999999765,0.9999999999999765,0,0.9999999999999765,assigned
44253,2,1.0000000000000013,0.8323443745642763,0.1676556254357251,0.6646887491285512,assigned
44254,1,1,1,0,1,assigned
44255,2,1.000000000000003,0.9997878466028068,2.1215339719619661e-4,0.9995756932056107,assigned
44256,4,1.0000000000000018,0.9924532187821069,0.00498677730699521,0.9874664414751116,assigned
44260,3,0.9999999999999828,0.953273029121707,0.03506035406889873,0.9182126750528082,assigned
44262,1,0.9999999999999678,0.9999999999999678,0,0.9999999999999678,assigned
44264,2,0.9999999999999974,0.930491865684008,0.0695081343159895,0.8609837313680185,assigned
44266,2,0.9497235555624002,0.9213902282598658,0.028333327302534343,0.8930569009573315,assigned
44270,3,0.9999999999999034,0.8708328058176814,0.09137544685840816,0.7794573589592733,assigned
44272,1,1,1,0,1,assigned
44273,3,0.9999999999999908,0.9492956304596047,0.03584979222938829,0.9134458382302164,assigned
44274,1,0.9999999999998962,0.9999999999998962,0,0.9999999999998962,assigned
44275,2,1.0000000000000056,0.9912109250216464,0.008789074978359112,0.9824218500432873,assigned
44276,1,0.9999999999999857,0.9999999999999857,0,0.9999999999999857,assigned
44278,4,1.0000000000000275,0.9452104343658335,0.031503893904208255,0.9137065404616252,assigned
44280,2,0.9999999999999928,0.9837412059159565,0.016258794084036295,0.9674824118319202,assigned
44281,3,0.9999999999999019,0.5712176964105051,0.4287731050837222,0.14244459132678294,assigned
44285,1,0.999999999999901,0.999999999999901,0,0.999999999999901,assigned
44286,3,0.9999999999999447,0.9758167694518785,0.023765951609870026,0.9520508178420084,assigned
44287,3,0.99999999999998,0.7193961695780341,0.24559340959819378,0.47380275997984034,assigned
44288,2,0.997969736192838,0.9770473795043575,0.020922356688480578,0.956125022815877,assigned
44301,2,1.0000000000000024,0.9998600175691309,1.3998243087162942e-4,0.9997200351382592,assigned
44302,1,0.9999999999999587,0.9999999999999587,0,0.9999999999999587,assigned
44303,1,1,1,0,1,assigned
44304,1,1,1,0,1,assigned
44305,3,1.0000000000000302,0.9482357341315639,0.051690662183413456,0.8965450719481505,assigned
44306,2,1.0000000000000338,0.8464850630160438,0.15351493698398994,0.6929701260320538,assigned
44307,1,1,1,0,1,assigned
44308,1,0.9999999999998436,0.9999999999998436,0,0.9999999999998436,assigned
44310,2,0.9999999999999887,0.9966512075045518,0.003348792495436836,0.993302415009115,assigned
44311,1,1,1,0,1,assigned
44312,3,0.9999999999999135,0.8266261332635481,0.1733642917169853,0.6532618415465627,assigned
44313,4,0.9999999999999607,0.5878822202256666,0.35069013654153386,0.23719208368413275,assigned
44314,3,0.9999999999999388,0.9999474946046414,3.1951574975658915e-5,0.9999155430296657,assigned
44319,3,1.0000000000000304,0.9936642880751628,0.006296787380601713,0.9873675006945611,assigned
44320,2,0.9999999999999869,0.6501503916771517,0.34984960832283524,0.3003007833543165,assigned
44321,3,0.9999999999999033,0.8282887808039743,0.11217181151675297,0.71611696928722135,assigned
44325,1,0.9999999999999195,0.9999999999999195,0,0.9999999999999195,assigned
44333,5,1.0000000000000102,0.7613496573380436,0.18740719997402652,0.5739424573640171,assigned
44401,2,1.0000000000000113,0.9995759103316931,4.240896683181314e-4,0.999151820663375,assigned
44402,1,0.9999999999999756,0.9999999999999756,0,0.9999999999999756,assigned
44403,1,0.9999999999999298,0.9999999999999298,0,0.9999999999999298,assigned
44404,1,0.999999963132851,0.999999963132851,0,0.999999963132851,assigned
44405,2,1.0000000000000329,0.9997065782238684,2.9342177616446834e-4,0.999413156447704,assigned
44406,1,1,1,0,1,assigned
44408,2,0.9999999999999253,0.8082356668890194,0.19176433311090588,0.6164713337781135,assigned
44410,1,1,1,0,1,assigned
44411,2,1.0000000000000144,0.9971851986448744,0.0028148013551400593,0.9943703972897344,assigned
44412,2,0.9999999999999947,0.7512057191674167,0.24879428083257796,0.5024114383348388,assigned
44413,1,0.9999999999876998,0.9999999999876998,0,0.9999999999876998,assigned
44415,1,0.9999999999997176,0.9999999999997176,0,0.9999999999997176,assigned
44417,2,0.9999999999999726,0.9977144094219152,0.002285590578057288,0.9954288188438579,assigned
44418,1,0.9999999999999889,0.9999999999999889,0,0.9999999999999889,assigned
44420,1,0.9999999999999755,0.9999999999999755,0,0.9999999999999755,assigned
44423,2,1.0000000000000293,0.9999995552283896,4.447716397719703e-7,0.9999991104567498,assigned
44424,1,1,1,0,1,assigned
44425,2,0.9999999998492849,0.9701358270596757,0.029864172789609206,0.9402716542700665,assigned
44427,3,0.9999999999999883,0.5237401080122643,0.3116768768175735,0.21206323119469084,assigned
44428,2,0.9999999999582421,0.965057835324015,0.034942164634227106,0.930115670689788,assigned
44429,2,1.0000000000000315,0.9700227200705093,0.02997727992952233,0.9400454401409869,assigned
44430,1,1,1,0,1,assigned
44431,2,0.9999999999999738,0.9999991569480227,8.430519511102502e-7,0.9999983138960715,assigned
44432,1,0.9999999999999986,0.9999999999999986,0,0.9999999999999986,assigned
44436,3,0.9999999946404511,0.5880600591426107,0.4119395847323875,0.17612047441022322,assigned
44437,2,1.000000000000014,0.942561882014216,0.05743811798579792,0.8851237640284181,assigned
44438,1,0.9999999301596685,0.9999999301596685,0,0.9999999301596685,assigned
44439,1,1,1,0,1,assigned
44440,2,0.9999999999999677,0.9689015591964222,0.031098440803545496,0.9378031183928767,assigned
44441,1,1,1,0,1,assigned
44442,1,0.9999999999999861,0.9999999999999861,0,0.9999999999999861,assigned
44443,2,1.000000000000065,0.8619785510399344,0.13802144896013077,0.7239571020798036,assigned
44444,3,0.9999999999999907,0.6889463443468896,0.2118937982764663,0.47705254607042336,assigned
44445,1,0.9999999999999536,0.9999999999999536,0,0.9999999999999536,assigned
44446,1,1,1,0,1,assigned
44449,2,1.0000000000000178,0.8211245876403195,0.17887541235969825,0.6422491752806212,assigned
44450,2,1.0000000000000226,0.9998331370728988,1.668629271239327e-4,0.9996662741457748,assigned
44451,2,1.0000000000000453,0.9999410012139415,5.8998786103921974e-5,0.9998820024278375,assigned
44452,2,1.00000000000001,0.9994955814249078,5.044185751022879e-4,0.9989911628498055,assigned
44454,2,0.9999999972995999,0.9153641440121563,0.08463585328744358,0.8307282907247127,assigned
44455,1,0.9999999999999989,0.9999999999999989,0,0.9999999999999989,assigned
44460,3,1.0000000000000346,0.5473453386370651,0.2842914991942663,0.26305383944279886,assigned
44470,2,1.0000000000000424,0.9993171286977874,6.828713022550306e-4,0.9986342573955324,assigned
44471,2,1.000000000000017,0.9999994657189919,5.342810251494243e-7,0.9999989314379667,assigned
44473,1,1,1,0,1,assigned
44481,2,0.9999999999999999,0.9688389749251446,0.03116102507485533,0.9376779498502893,assigned
44483,1,0.9999999999999668,0.9999999999999668,0,0.9999999999999668,assigned
44484,1,1,1,0,1,assigned
44485,1,0.9999999999999944,0.9999999999999944,0,0.9999999999999944,assigned
44490,2,0.9999999999997409,0.9613281851544897,0.03867181484525123,0.9226563703092385,assigned
44491,3,1.0000000000000493,0.8361906736868374,0.14908419595006397,0.6871064777367735,assigned
44493,1,0.9999999999998896,0.9999999999998896,0,0.9999999999998896,assigned
44502,2,0.9999999999999568,0.9989890820969639,0.0010109179029929105,0.997978164193971,assigned
44503,1,0.9999999999998823,0.9999999999998823,0,0.9999999999998823,assigned
44504,2,1.0000000000000169,0.9843034481350856,0.015696551864931133,0.9686068962701545,assigned
44505,2,1.0000000000000167,0.6470453411907423,0.3529546588092743,0.294090682381468,assigned
44506,2,0.9999999999999095,0.9996042480255715,3.9575197433805697e-4,0.9992084960512334,assigned
44507,2,1.0000000000000022,0.999023812765014,9.7618723498836e-4,0.9980476255300256,assigned
44509,3,1.0000000000000662,0.8955956812423743,0.06246729034753514,0.8331283908948391,assigned
44510,1,1,1,0,1,assigned
44511,2,1.0000000000000553,0.5691849194483883,0.430815080551667,0.13836983889672133,assigned
44512,2,0.9999999999999715,0.9770939568016787,0.02290604319829276,0.9541879136033858,assigned
44514,2,1.000000000000008,0.9636625835693666,0.03633741643064128,0.9273251671387254,assigned
44515,3,0.9999999999999982,0.994374372439016,0.005621669110470983,0.988752703328545,assigned
44555,1,1,1,0,1,assigned
44601,3,1.000000000000053,0.74599191879734,0.221068905698175,0.5249230130991649,assigned
44606,1,0.9999999999999801,0.9999999999999801,0,0.9999999999999801,assigned
44607,1,1,1,0,1,assigned
44608,2,0.999999999999977,0.7991526453792441,0.2008473546207329,0.5983052907585112,assigned
44609,1,0.9999999999999873,0.9999999999999873,0,0.9999999999999873,assigned
44610,1,1,1,0,1,assigned
44611,2,0.9999999999999862,0.9952595036578276,0.004740496342158659,0.9905190073156689,assigned
44612,3,1.0000000000000575,0.862807160842643,0.11732880202367782,0.7454783588189652,assigned
44613,1,0.9999999999999375,0.9999999999999375,0,0.9999999999999375,assigned
44614,4,1.0000000000000322,0.8926832983018085,0.08164456421625335,0.8110387340855552,assigned
44615,2,1.0000000000000053,0.9869819713157373,0.013018028684267938,0.9739639426314693,assigned
44618,2,1.0000000000000653,0.9193346010510407,0.08066539894902448,0.8386692021020162,assigned
44619,1,0.9999999999999317,0.9999999999999317,0,0.9999999999999317,assigned
44620,2,1.0000000000000175,0.9207853995989288,0.07921460040108884,0.84157079919784,assigned
44621,1,0.999999999999917,0.999999999999917,0,0.999999999999917,assigned
44622,1,0.9999999999999961,0.9999999999999961,0,0.9999999999999961,assigned
44624,3,1.000000000000001,0.8886853873365288,0.09474116689689022,0.7939442204396385,assigned
44625,3,1.0000000000002294,0.4577226606479786,0.3220287506102187,0.13569391003775993,assigned
44626,3,0.9999999999999923,0.67685907029917,0.3230503207061385,0.35380874959303155,assigned
44627,2,0.9999999999999867,0.533325430230737,0.4666745697692497,0.06665086046148727,assigned
44628,2,1.0000000000000304,0.6761116334523047,0.3238883665477256,0.3522232669045791,assigned
44629,1,0.9999999999999881,0.9999999999999881,0,0.9999999999999881,assigned
44630,1,0.9999999999991626,0.9999999999991626,0,0.9999999999991626,assigned
44632,3,1.0000000000000624,0.5437228021011385,0.33310186846161755,0.210620933639521,assigned
44633,2,1.0000000000000169,0.9691543128035067,0.030845687196510232,0.9383086256069965,assigned
44634,4,0.9999999999999536,0.8076587079323242,0.14521013589064935,0.6624485720416748,assigned
44637,3,1.0000000000000087,0.8607926591275952,0.13570210429740118,0.725090554830194,assigned
44638,2,1.0000000000000109,0.9999463029756762,5.3697024334686e-5,0.9998926059513416,assigned
44639,1,0.9999999999995736,0.9999999999995736,0,0.9999999999995736,assigned
44640,2,1.000000000000448,0.9998492048218762,1.507951785718821e-4,0.9996984096433044,assigned
44641,4,1.000000000000018,0.6121541403150331,0.3300100334798458,0.2821441068351873,assigned
44643,2,0.9999999999999479,0.9844400085881327,0.015559991411815199,0.9688800171763176,assigned
44644,3,0.9999999999999409,0.9972309956851707,0.002735656656473923,0.9944953390286968,assigned
44645,2,1.0000000000000064,0.9622597403312161,0.03774025966879039,0.9245194806624257,assigned
44646,4,0.9999999999999453,0.3993025257431672,0.3666557014443531,0.0326468242988141,assigned
44647,3,0.9999999999999546,0.6839031055935961,0.23283062325127693,0.4510724823423192,assigned
44651,2,0.9999999999999898,0.9999992128230961,7.871768937016163e-7,0.9999984256462024,assigned
44652,1,0.9999999999999666,0.9999999999999666,0,0.9999999999999666,assigned
44653,1,1,1,0,1,assigned
44654,4,1.000000000000039,0.556371069317024,0.3885037823656048,0.16786728695141917,assigned
44656,2,0.9999999999999257,0.7633035504497293,0.23669644955019642,0.5266071008995329,assigned
44657,5,1.0000000000000195,0.857076533234077,0.09120649185693576,0.7658700413771412,assigned
44659,1,0.9999999999997421,0.9999999999997421,0,0.9999999999997421,assigned
44660,1,0.9999999999998388,0.9999999999998388,0,0.9999999999998388,assigned
44661,1,1,1,0,1,assigned
44662,5,0.9999999999999802,0.8430725001163833,0.10151732277894306,0.7415551773374403,assigned
44663,1,1,1,0,1,assigned
44665,1,1,1,0,1,assigned
44666,2,0.999999999999938,0.7518046241179994,0.24819537588193863,0.5036092482360608,assigned
44667,1,1,1,0,1,assigned
44669,3,1.0000000000000544,0.7440436089167248,0.23987594157248401,0.5041676673442408,assigned
44670,1,1,1,0,1,assigned
44671,1,0.9999999999998161,0.9999999999998161,0,0.9999999999998161,assigned
44672,1,0.9999999999999649,0.9999999999999649,0,0.9999999999999649,assigned
44675,1,1,1,0,1,assigned
44676,2,1.0000000000000036,0.7366521570153111,0.26334784298469244,0.4733043140306186,assigned
44677,1,1,1,0,1,assigned
44678,1,1,1,0,1,assigned
44680,2,1.000000000000057,0.9998899602956585,1.1003970439857467e-4,0.9997799205912599,assigned
44681,1,0.9999999999999956,0.9999999999999956,0,0.9999999999999956,assigned
44682,1,0.9999999999998764,0.9999999999998764,0,0.9999999999998764,assigned
44683,2,1.00000000000001,0.9623627017017784,0.037637298298231675,0.9247254034035467,assigned
44685,2,0.9999999999999266,0.515293548500472,0.48470645149945457,0.03058709700101747,assigned
44687,1,1,1,0,1,assigned
44688,3,1.0000000000000038,0.8066597347140845,0.17802733512658167,0.6286323995875028,assigned
44689,2,1.0000000000001543,0.8616720135055377,0.13832798649461658,0.723344027010921,assigned
44690,1,0.9999999999998275,0.9999999999998275,0,0.9999999999998275,assigned
44691,2,0.999999999999995,0.960143180581977,0.039856819418018025,0.920286361163959,assigned
44693,1,0.9999999999999063,0.9999999999999063,0,0.9999999999999063,assigned
44695,2,1.0000000000000238,0.9783447096639838,0.021655290336039995,0.9566894193279438,assigned
44697,1,1,1,0,1,assigned
44699,2,1.0000000000000657,0.7079258847787224,0.2920741152213433,0.4158517695573791,assigned
44702,1,0.9999999999999788,0.9999999999999788,0,0.9999999999999788,assigned
44703,1,1,1,0,1,assigned
44704,2,1.0000000000001745,0.5567863241823048,0.44321367581786963,0.11357264836443515,assigned
44705,4,1.0000000000001508,0.6360976965473344,0.36369274397611306,0.2724049525712213,assigned
44706,3,1.0000000000000433,0.8496663417582615,0.10874935417844744,0.7409169875798141,assigned
44707,2,1.0000000000000122,0.8253008607344376,0.1746991392655745,0.6506017214688631,assigned
44708,3,0.9999999999999527,0.4545898886033873,0.2769221182935167,0.17766777030987058,assigned
44709,2,0.9999999999997606,0.7345895525621975,0.26541044743756315,0.46917910512463434,assigned
44710,2,1.000000000000084,0.571834392565236,0.4281656074348478,0.14366878513038828,assigned
44714,2,1.000000000000165,0.6696971029090983,0.3303028970910666,0.33939420581803176,assigned
44718,2,1.000000000000001,0.9995954127220265,4.045872779746401e-4,0.9991908254440518,assigned
44720,2,1.0000000000000522,0.7342774540674983,0.26572254593255384,0.4685549081349445,assigned
44721,3,0.9999999999999398,0.8230119503919353,0.11611083710201608,0.7069011132899192,assigned
44730,3,0.9999999999999867,0.9219029342361329,0.07138536656392881,0.8505175676722041,assigned
44802,2,0.9999999999999671,0.5904880969229244,0.4095119030770428,0.18097619384588154,assigned
44804,2,0.9999999999999581,0.9973766546829663,0.002623345316991866,0.9947533093659745,assigned
44805,3,1.0000000000000429,0.83082222867977,0.16720993482671864,0.6636122938530513,assigned
44807,2,0.9999999999999978,0.884804647910497,0.11519535208950081,0.7696092958209961,assigned
44809,1,0.9999999999998939,0.9999999999998939,0,0.9999999999998939,assigned
44811,2,0.9999999999999896,0.8124433413033249,0.18755665869666477,0.6248866826066601,assigned
44813,2,0.9999999999999831,0.8430549164523813,0.15694508354760187,0.6861098329047794,assigned
44814,2,0.9999999999999813,0.7874855829981433,0.21251441700183799,0.5749711659963053,assigned
44815,1,0.9999999999999187,0.9999999999999187,0,0.9999999999999187,assigned
44817,3,1.0000000000000036,0.9486222255528012,0.03703239911890634,0.9115898264338949,assigned
44818,2,1.000000000000018,0.9088149572328669,0.09118504276715121,0.8176299144657156,assigned
44820,2,1.0000000000000104,0.9984971482475964,0.0015028517524139453,0.9969942964951825,assigned
44822,2,1.0000000000000018,0.9998955014470593,1.0449855294243685e-4,0.9997910028941168,assigned
44824,1,1,1,0,1,assigned
44825,1,0.9999999999999358,0.9999999999999358,0,0.9999999999999358,assigned
44826,1,1,1,0,1,assigned
44827,1,0.9999999999999938,0.9999999999999938,0,0.9999999999999938,assigned
44828,1,1,1,0,1,assigned
44830,3,1.0000000000000109,0.7493288961378884,0.2123455633977339,0.5369833327401545,assigned
44833,2,1.0000000000000207,0.9483237508757127,0.051676249124307974,0.8966475017514047,assigned
44836,2,1.0000000000000004,0.811321503915637,0.18867849608436346,0.6226430078312735,assigned
44837,3,1.0000000000000175,0.6472214452973165,0.18765838396548873,0.4595630613318278,assigned
44838,1,0.9999999999999686,0.9999999999999686,0,0.9999999999999686,assigned
44839,2,1.0000000000000318,0.986027636395329,0.013972363604702831,0.9720552727906262,assigned
44840,2,1.000000000000034,0.971704019628927,0.028295980371106932,0.9434080392578201,assigned
44841,1,1,1,0,1,assigned
44842,2,0.9999999999999581,0.9999754409982242,2.4559001733923646e-5,0.9999508819964903,assigned
44843,4,0.9999999999999939,0.9257044938058039,0.049604828097174126,0.8760996657086297,assigned
44844,2,0.9999999999999359,0.9998776479792726,1.2235202066331977e-4,0.9997552959586092,assigned
44846,1,1,1,0,1,assigned
44847,3,1.0000000000000047,0.8730131674872367,0.08003258621479405,0.7929805812724426,assigned
44849,3,1.000000000000061,0.6300935376748673,0.2042198248055356,0.42587371286933173,assigned
44850,1,1,1,0,1,assigned
44851,4,0.999999999999996,0.7895420299536611,0.10275603013379407,0.686785999819867,assigned
44853,1,0.9999999999999699,0.9999999999999699,0,0.9999999999999699,assigned
44854,2,1.0000000000000395,0.9371082695030353,0.06289173049700421,0.874216539006031,assigned
44855,2,0.9999999999999888,0.9743217014479334,0.025678298552055365,0.948643402895878,assigned
44856,1,0.9999999999999909,0.9999999999999909,0,0.9999999999999909,assigned
44857,1,1,1,0,1,assigned
44859,4,1.0000000000000016,0.8214843464239734,0.1384505282593374,0.683033818164636,assigned
44861,1,0.9999999999996964,0.9999999999996964,0,0.9999999999996964,assigned
44864,3,0.9999999999999823,0.7778107929470791,0.13029854814135927,0.6475122448057198,assigned
44865,2,0.9999999999999929,0.939343699767558,0.0606563002324348,0.8786873995351232,assigned
44866,3,1.0000000000000102,0.9050534601142561,0.0692030122346879,0.8358504478795682,assigned
44867,2,0.9999999999999858,0.8723935611095671,0.12760643889041862,0.7447871222191484,assigned
44870,2,0.9545887669761984,0.8090630110123928,0.14552575596380568,0.6635372550485871,assigned
44874,1,1,1,0,1,assigned
44875,1,1,1,0,1,assigned
44878,3,1.0000000000000107,0.8850031942399647,0.11498943582026558,0.7700137584196991,assigned
44880,2,0.9999999999999688,0.9771181688781251,0.022881831121843752,0.9542363377562814,assigned
44881,1,0.9999999999998608,0.9999999999998608,0,0.9999999999998608,assigned
44882,2,1.0000000000000042,0.7859864666234392,0.214013533376565,0.5719729332468741,assigned
44883,2,1.0000000000000127,0.9768631922578581,0.02313680774215444,0.9537263845157037,assigned
44887,1,0.9999999999999831,0.9999999999999831,0,0.9999999999999831,assigned
44889,2,0.9999999999999595,0.6065033396825307,0.3934966603174288,0.21300667936510187,assigned
44890,3,1.0000000000000038,0.6820592470726825,0.22224026939139813,0.4598189776812844,assigned
44901,1,1,1,0,1,assigned
44902,2,0.9999999999999267,0.9978461310451581,0.0021538689547686667,0.9956922620903894,assigned
44903,5,0.9999999999999807,0.6608816503309728,0.26424164831878544,0.39664000201218735,assigned
44904,4,1.0000000000000029,0.9162404980321062,0.0696773135160734,0.8465631845160327,assigned
44905,3,1.0000000000000162,0.9251271384855233,0.07472584220327035,0.8504012962822529,assigned
44906,2,0.9999999999999785,0.5518762915006549,0.4481237084993236,0.10375258300133128,assigned
44907,3,0.9999999999998684,0.5258791429218347,0.2923983215060873,0.23348082141574739,assigned
45001,2,0.9999998766663225,0.9887950250608806,0.011204851605441914,0.9775901734554386,assigned
45002,2,0.9999999999999836,0.9836686193167727,0.016331380683210828,0.9673372386335619,assigned
45003,3,0.9999698155869969,0.5971112052969386,0.3240768599229493,0.2730343453739893,assigned
45005,3,0.999999999999973,0.7486076004948744,0.2156891386999055,0.5329184617949689,assigned
45011,1,1,1,0,1,assigned
45013,2,1.0000000000000036,0.9674663952612422,0.03253360473876134,0.9349327905224809,assigned
45014,1,0.9999999999999888,0.9999999999999888,0,0.9999999999999888,assigned
45015,1,1,1,0,1,assigned
45030,2,0.9996722236067401,0.9995711328496115,1.0109075712864691e-4,0.9994700420924829,assigned
45032,1,1,1,0,1,assigned
45033,1,1,1,0,1,assigned
45034,1,1,1,0,1,assigned
45036,3,0.9999999999999895,0.9526180971021574,0.02378364486361392,0.9288344522385434,assigned
45039,1,1,1,0,1,assigned
45040,3,0.9999999999999123,0.8001571214096549,0.1998411198313964,0.6003160015782585,assigned
45041,1,1,1,0,1,assigned
45042,3,1.0000000000000286,0.9089017857344135,0.08486598722228741,0.824035798512126,assigned
45044,2,1.0000000000000282,0.9583924161330615,0.04160758386696666,0.9167848322660949,assigned
45050,2,1.000000000000003,0.9999675229247704,3.2477075232762004e-5,0.9999350458495376,assigned
45051,1,0.9999999999998977,0.9999999999998977,0,0.9999999999998977,assigned
45052,1,0.9999956212079929,0.9999956212079929,0,0.9999956212079929,assigned
45053,2,0.9999999999999971,0.8793177564632969,0.12068224353670018,0.7586355129265967,assigned
45054,2,0.9999999999999534,0.5746632530489791,0.4253367469509743,0.14932650609800485,assigned
45055,1,0.999999999999974,0.999999999999974,0,0.999999999999974,assigned
45056,3,0.9999751326301815,0.9999496282713318,1.7693468528627054e-5,0.9999319348028032,assigned
45062,1,1,1,0,1,assigned
45064,2,0.9999999999999425,0.629002079511195,0.3709979204887475,0.2580041590224475,assigned
45065,1,1,1,0,1,assigned
45066,2,0.9999999999999981,0.996379784784535,0.0036202152154630432,0.992759569569072,assigned
45067,1,1,1,0,1,assigned
45068,3,0.9999999999999971,0.681300781711703,0.2122633072333546,0.4690374744783484,assigned
45069,2,0.9999999999999818,0.9639299735561808,0.03607002644380101,0.9278599471123798,assigned
45070,1,1,1,0,1,assigned
45101,2,0.9999999804051152,0.9863224559559454,0.013677524449169823,0.9726449315067756,assigned
45102,2,1.0000000000000149,0.8764771049870829,0.12352289501293191,0.752954209974151,assigned
45103,2,1.0000000000000098,0.8114238949222605,0.1885761050777493,0.6228477898445113,assigned
45105,1,0.9999999999978599,0.9999999999978599,0,0.9999999999978599,assigned
45106,3,1.0000000000000013,0.790653300123042,0.2085571329263842,0.5820961671966578,assigned
45107,3,0.9999999999999705,0.6839850179533391,0.1641063062528714,0.5198787117004677,assigned
45111,1,1,1,0,1,assigned
45112,1,0.9999999677207215,0.9999999677207215,0,0.9999999677207215,assigned
45113,2,1.0000000000000022,0.8848079520741033,0.11519204792589892,0.7696159041482045,assigned
45115,2,1.000000000000005,0.999993896937803,6.1030622020334205e-6,0.999987793875601,assigned
45118,2,1.0000000000000524,0.8677480146365756,0.13225198536347688,0.7354960292730988,assigned
45119,1,1,1,0,1,assigned
45120,2,0.999998053351362,0.7527806287195247,0.24721742463183735,0.5055632040876873,assigned
45121,2,0.9999999287417417,0.9518018199125691,0.048198108829172644,0.9036037110833964,assigned
45122,2,0.9999999999999559,0.9277719356371059,0.07222806436285,0.8555438712742559,assigned
45123,1,1,1,0,1,assigned
45130,2,1.0000000000000369,0.8274983427795429,0.17250165722049388,0.654996685559049,assigned
45131,1,1,1,0,1,assigned
45132,1,0.9999999999999147,0.9999999999999147,0,0.9999999999999147,assigned
45133,4,1.0000000000000049,0.6497140224236531,0.26286856958520183,0.38684545283845123,assigned
45135,1,1,1,0,1,assigned
45140,2,1.00000000000001,0.7057260688772492,0.29427393112276085,0.41145213775448836,assigned
45142,2,1.0000000000000033,0.9360329210545115,0.06396707894549185,0.8720658421090197,assigned
45144,2,0.9999999889229645,0.9053218724644698,0.09467811645849464,0.8106437560059752,assigned
45146,1,1,1,0,1,assigned
45147,1,1,1,0,1,assigned
45148,2,1.0000000000000213,0.9729323027889296,0.027067697211091635,0.945864605577838,assigned
45150,1,0.9999999999999826,0.9999999999999826,0,0.9999999999999826,assigned
45152,2,0.9999999999999971,0.9999634017132956,3.659828670149892e-5,0.999926803426594,assigned
45153,1,0.9999999948274154,0.9999999948274154,0,0.9999999948274154,assigned
45154,2,1.0000000000000588,0.8859442631102318,0.11405573688982715,0.7718885262204046,assigned
45155,1,0.9999999999999766,0.9999999999999766,0,0.9999999999999766,assigned
45156,1,1,1,0,1,assigned
45157,2,0.9999998661516817,0.9855290412801802,0.014470824871501562,0.9710582164086786,assigned
45158,1,0.9999999999999163,0.9999999999999163,0,0.9999999999999163,assigned
45159,1,0.9999999999999982,0.9999999999999982,0,0.9999999999999982,assigned
45160,1,0.9999999999999245,0.9999999999999245,0,0.9999999999999245,assigned
45162,2,1.000000000000034,0.5900951369292605,0.40990486307077345,0.18019027385848707,assigned
45164,2,1.000000000000045,0.9999414208757146,5.8579124330557984e-5,0.999882841751384,assigned
45166,1,0.999999999999965,0.999999999999965,0,0.999999999999965,assigned
45167,2,0.9999999968628379,0.9999953706474727,4.6262153652012775e-6,0.9999907444321074,assigned
45168,1,1,1,0,1,assigned
45169,2,0.999999999999999,0.9079487514848342,0.09205124851516473,0.8158975029696695,assigned
45171,2,0.9999999999999756,0.727550349225557,0.2724496507744187,0.45510069845113826,assigned
45172,1,1,1,0,1,assigned
45174,1,0.9999999999999111,0.9999999999999111,0,0.9999999999999111,assigned
45176,3,0.9999999999999873,0.4299250865054575,0.344289106556824,0.08563597994863353,assigned
45177,1,1,1,0,1,assigned
45202,1,0.9999992495355641,0.9999992495355641,0,0.9999992495355641,assigned
45203,1,0.9999965427360837,0.9999965427360837,0,0.9999965427360837,assigned
45204,2,0.9999992067104979,0.9484919771598418,0.05150722955065608,0.8969847476091857,assigned
45205,2,1.0000000000000928,0.9989937253994405,0.0010062746006523847,0.9979874507987881,assigned
45206,1,0.9999999999999186,0.9999999999999186,0,0.9999999999999186,assigned
45207,2,0.9999999999999581,0.9984986493443545,0.001501350655603595,0.9969972986887509,assigned
45208,2,0.999999999999988,0.9999333059577644,6.669404222362674e-5,0.9998666119155408,assigned
45209,2,1.0000000000000284,0.9252360559300509,0.07476394406997755,0.8504721118600733,assigned
45211,3,0.9999999999999514,0.7221314724007047,0.15241959494076776,0.569711877459937,assigned
45212,2,0.9999999999999409,0.8151437028047174,0.1848562971952236,0.6302874056094938,assigned
45213,1,1,1,0,1,assigned
45214,1,1,1,0,1,assigned
45215,2,0.9999999999999923,0.9467318991822181,0.05326810081777427,0.8934637983644439,assigned
45216,2,0.9999999999999831,0.8452300739002045,0.15476992609977852,0.690460147800426,assigned
45217,2,0.999999999999996,0.7006213854489574,0.2993786145510387,0.40124277089791865,assigned
45218,1,0.9999999999999604,0.9999999999999604,0,0.9999999999999604,assigned
45219,1,1,1,0,1,assigned
45220,1,1,1,0,1,assigned
45223,2,1.000000000000012,0.9781139271751214,0.021886072824890534,0.9562278543502308,assigned
45224,2,0.9999999999999214,0.6277426466638748,0.37225735333604665,0.25548529332782816,assigned
45225,1,0.9999999999999649,0.9999999999999649,0,0.9999999999999649,assigned
45226,2,0.9999999999991025,0.9585773348099729,0.04142266518912961,0.9171546696208432,assigned
45227,2,1.0000000000000828,0.5597444529812575,0.4402555470188253,0.11948890596243222,assigned
45229,2,1.0000000000000577,0.9960174879170314,0.003982512083026423,0.9920349758340049,assigned
45230,2,0.9999999975672604,0.6182690716636488,0.38173092590361174,0.236538145760037,assigned
45231,3,1.0000000000000757,0.8962305077301431,0.10257502805872722,0.7936554796714159,assigned
45232,2,1.0000000000001121,0.9971196470912962,0.0028803529088158985,0.9942392941824802,assigned
45233,2,0.9999996149989573,0.7449862427279358,0.2550133722710215,0.4899728704569143,assigned
45236,2,1.0000000000000577,0.6920434751250711,0.3079565248749865,0.38408695025008466,assigned
45237,2,0.9999999999999573,0.9468687113619462,0.05313128863801104,0.8937374227239351,assigned
45238,2,0.9999999999999809,0.5251447093364991,0.4748552906634817,0.05028941867301745,assigned
45239,3,1.000000000000113,0.6533569811655319,0.18842733981328705,0.4649296413522448,assigned
45240,2,1.0000000000000586,0.8351192021835032,0.1648807978165553,0.6702384043669479,assigned
45241,2,0.999999999999976,0.8432803338169744,0.15671966618300154,0.6865606676339728,assigned
45242,1,0.9999999999999897,0.9999999999999897,0,0.9999999999999897,assigned
45243,2,1.0000000000000113,0.9970384098096083,0.002961590190402927,0.9940768196192055,assigned
45244,2,1.0000000000000129,0.9998563330090121,1.4366699100068543e-4,0.9997126660180115,assigned
45245,2,0.9999999999998166,0.6956206199124465,0.3043793800873701,0.3912412398250764,assigned
45246,2,0.9999999999999845,0.8222845936800304,0.17771540631995408,0.6445691873600763,assigned
45247,2,1.0000000000000153,0.8914207549799471,0.10857924502006829,0.7828415099598788,assigned
45248,2,1.0000000000000322,0.9946304822745222,0.00536951772551005,0.9892609645490121,assigned
45249,2,0.9999999999999932,0.9627187396434274,0.037281260356565836,0.9254374792868615,assigned
45251,2,1.0000000000001112,0.9843447266817563,0.015655273318354826,0.9686894533634015,assigned
45252,2,1.0000000000000155,0.9998532761723113,1.4672382770410195e-4,0.9997065523446073,assigned
45255,2,0.9999995496458335,0.9290408218338659,0.07095872781196752,0.8580820940218984,assigned
45267,1,1,1,0,1,assigned
45301,1,0.9999999999998967,0.9999999999998967,0,0.9999999999998967,assigned
45302,2,1.000000000000043,0.9997578306171058,2.4216938293737596e-4,0.9995156612341684,assigned
45303,2,0.9999999999999759,0.9763405092178685,0.023659490782107388,0.9526810184357611,assigned
45304,3,0.9999999999999848,0.9956788919597922,0.004314945182068492,0.9913639467777237,assigned
45305,2,1.0000000000000662,0.9999966095023011,3.39049776510159e-6,0.999993219004536,assigned
45306,2,0.9999999999999969,0.9457117982778794,0.054288201722117416,0.891423596555762,assigned
45307,1,1,1,0,1,assigned
45308,3,0.9999999999999709,0.501874295087338,0.3408906458979451,0.16098364918939295,assigned
45309,1,0.9999999999999967,0.9999999999999967,0,0.9999999999999967,assigned
45310,1,0.99999999999981,0.99999999999981,0,0.99999999999981,assigned
45311,3,0.9999969848881797,0.9930766230424685,0.006872629652056816,0.9862039933904116,assigned
45312,3,1.0000000000000024,0.9799814918934785,0.020017694820525758,0.9599637970729528,assigned
45314,2,0.9999999999999903,0.898472908638227,0.1015270913617633,0.7969458172764637,assigned
45315,1,1,1,0,1,assigned
45316,1,0.9999999999999379,0.9999999999999379,0,0.9999999999999379,assigned
45317,3,0.9999999999999641,0.4475937062169159,0.4169324379610578,0.030661268255858132,assigned
45318,2,1.0000000000000242,0.9969220563287726,0.00307794367125169,0.9938441126575209,assigned
45319,1,1,1,0,1,assigned
45320,1,0.999999999999991,0.999999999999991,0,0.999999999999991,assigned
45321,1,1,1,0,1,assigned
45322,1,0.9999999999999747,0.9999999999999747,0,0.9999999999999747,assigned
45323,2,0.9999999999999885,0.9811650904340662,0.01883490956592224,0.9623301808681439,assigned
45324,5,0.9999999999999719,0.7267350251573146,0.22761927236506602,0.49911575279224857,assigned
45325,1,0.9999999999999802,0.9999999999999802,0,0.9999999999999802,assigned
45326,1,0.9999999999999888,0.9999999999999888,0,0.9999999999999888,assigned
45327,2,1.0000000000000169,0.983416190353554,0.016583809646462874,0.9668323807070911,assigned
45328,1,1,1,0,1,assigned
45330,1,0.999999999999986,0.999999999999986,0,0.999999999999986,assigned
45331,2,0.9998699383012432,0.6939411629610758,0.3059287753401674,0.3880123876209084,assigned
45332,1,0.9999866442169233,0.9999866442169233,0,0.9999866442169233,assigned
45333,1,0.999999999999987,0.999999999999987,0,0.999999999999987,assigned
45334,3,0.9999999999999912,0.9991760379722463,8.232676530451781e-4,0.9983527703192011,assigned
45335,3,1.0000000000000169,0.9260259764224203,0.073968491656536,0.8520574847658844,assigned
45336,1,0.9999999999999245,0.9999999999999245,0,0.9999999999999245,assigned
45337,2,1.0000000000000326,0.7981670786987357,0.20183292130129699,0.5963341573974388,assigned
45338,1,0.9999999999999817,0.9999999999999817,0,0.9999999999999817,assigned
45339,2,1.000000000000002,0.507533557521428,0.49246644247857396,0.015067115042854073,assigned
45340,1,0.9999999999999948,0.9999999999999948,0,0.9999999999999948,assigned
45341,3,1.0000000000000095,0.9988389083282282,0.0010933757184886845,0.9977455326097395,assigned
45342,3,0.9999999999999934,0.9724994661282572,0.015539687592917253,0.95695977853534,assigned
45344,3,0.9999999999999415,0.8016640039976711,0.18738526437882894,0.6142787396188422,assigned
45345,1,1,1,0,1,assigned
45346,1,0.9999999999999546,0.9999999999999546,0,0.9999999999999546,assigned
45347,1,0.9999943029562428,0.9999943029562428,0,0.9999943029562428,assigned
45348,2,0.9999999999999633,0.7582711705805858,0.24172882941937746,0.5165423411612083,assigned
45349,1,1,1,0,1,assigned
45350,1,1,1,0,1,assigned
45351,1,0.9999999999999682,0.9999999999999682,0,0.9999999999999682,assigned
45352,1,1,1,0,1,assigned
45353,1,0.9999999999999865,0.9999999999999865,0,0.9999999999999865,assigned
45354,1,0.9999999999999936,0.9999999999999936,0,0.9999999999999936,assigned
45356,2,0.9999999999999793,0.8678099105517056,0.13219008944827365,0.7356198211034319,assigned
45358,1,0.9999999999996502,0.9999999999996502,0,0.9999999999996502,assigned
45359,1,0.9999999999999931,0.9999999999999931,0,0.9999999999999931,assigned
45360,1,0.9999999999996854,0.9999999999996854,0,0.9999999999996854,assigned
45361,1,1,1,0,1,assigned
45362,2,1.0000000000000306,0.9999848440063196,1.515599371113636e-5,0.9999696880126084,assigned
45363,2,0.9999999999999862,0.9846601464989523,0.015339853501033895,0.9693202929979183,assigned
45365,3,1.0000000000000042,0.9933096777934733,0.00655543295704128,0.986754244836432,assigned
45368,3,1.0000000000000129,0.9495206027298093,0.050410671759870844,0.8991099309699385,assigned
45369,2,1.0000000000000344,0.9590799071776465,0.04092009282238804,0.9181598143552584,assigned
45370,2,1.0000000000000049,0.9708626744799508,0.029137325520054064,0.9417253489598967,assigned
45371,2,1.0000000000000202,0.9999629456896031,3.705431041704075e-5,0.9999258913791861,assigned
45372,1,0.9999999999999333,0.9999999999999333,0,0.9999999999999333,assigned
45373,2,1.0000000000000275,0.5884578126407742,0.4115421873592534,0.17691562528152083,assigned
45377,1,1,1,0,1,assigned
45378,1,0.9999999999999751,0.9999999999999751,0,0.9999999999999751,assigned
45380,4,1.0000000000000029,0.9401671595436881,0.039631646482584514,0.9005355130611036,assigned
45381,1,0.9999999999999968,0.9999999999999968,0,0.9999999999999968,assigned
45382,1,0.9999999999999719,0.9999999999999719,0,0.9999999999999719,assigned
45383,1,0.9999999999999751,0.9999999999999751,0,0.9999999999999751,assigned
45384,1,0.9999999999999831,0.9999999999999831,0,0.9999999999999831,assigned
45385,2,1.000000000000002,0.9972971456273408,0.0027028543726611213,0.9945942912546797,assigned
45387,2,1.0000000000000224,0.9646703715071808,0.03532962849284166,0.9293407430143392,assigned
45388,3,0.9999999999999821,0.4842388272096471,0.47768842880289397,0.006550398406753144,assigned
45389,1,1,1,0,1,assigned
45390,2,0.9952209699315674,0.9682230981754782,0.02699787175608915,0.9412252264193891,assigned
45402,1,0.9999999999999726,0.9999999999999726,0,0.9999999999999726,assigned
45403,2,0.9999999999999958,0.997391212147901,0.0026087878520947333,0.9947824242958063,assigned
45404,3,1.0000000000001061,0.7291439140005826,0.2707502751873765,0.45839363881320616,assigned
45405,1,1,1,0,1,assigned
45406,2,0.9999999999999833,0.9847154913226439,0.015284508677339381,0.9694309826453045,assigned
45409,2,0.9999999999998836,0.6910844294472104,0.3089155705526733,0.38216885889453706,assigned
45410,1,1,1,0,1,assigned
45414,3,0.9999999999999535,0.8792363904569171,0.11566571218202029,0.7635706782748969,assigned
45415,2,1.000000000000007,0.5790427607873512,0.42095723921265604,0.15808552157469513,assigned
45416,2,0.9999999999999137,0.9971930592275291,0.0028069407723846614,0.9943861184551445,assigned
45417,3,1.0000000000000655,0.6585881534748828,0.34135950256724246,0.3172286509076403,assigned
45419,2,0.9999999999999089,0.8658737855450506,0.1341262144548583,0.7317475710901923,assigned
45420,3,0.9999999999999711,0.6353368730873964,0.36444594153459936,0.27089093155279703,assigned
45423,1,0.9999999999997068,0.9999999999997068,0,0.9999999999997068,assigned
45424,4,0.9999999999999694,0.7586535964327936,0.1495261384582204,0.6091274579745732,assigned
45426,2,1.0000000000000178,0.9987891059373963,0.0012108940626213967,0.9975782118747749,assigned
45428,2,0.9999999999999676,0.9999868885443515,1.3111455616073193e-5,0.9999737770887354,assigned
45429,2,1.0000000000000164,0.9993435631706475,6.564368293687897e-4,0.9986871263412788,assigned
45430,1,1,1,0,1,assigned
45431,3,1.000000000000059,0.6187785946640656,0.3591459565983389,0.2596326380657267,assigned
45432,4,1.0000000000000004,0.7719285965432819,0.20777307057564456,0.5641555259676374,assigned
45433,2,0.9999999999999147,0.9997190351278273,2.809648720873542e-4,0.9994380702557399,assigned
45434,1,0.9999999999999927,0.9999999999999927,0,0.9999999999999927,assigned
45435,1,1,1,0,1,assigned
45439,3,0.9999999999999316,0.5774168538567032,0.4204294832277845,0.15698737062891865,assigned
45440,2,1.0000000000000058,0.6385832291326728,0.36141677086733287,0.27716645826534,assigned
45449,1,1,1,0,1,assigned
45458,4,1.0000000000000093,0.8236526728341461,0.15551873026489574,0.6681339425692504,assigned
45459,3,1.0000000000000153,0.8238171470273729,0.14242325987302923,0.6813938871543437,assigned
45469,1,0.99999999999958,0.99999999999958,0,0.99999999999958,assigned
45501,1,0.9999999999996574,0.9999999999996574,0,0.9999999999996574,assigned
45502,3,1.000000000000004,0.9593324451491951,0.027196315328784887,0.9321361298204103,assigned
45503,1,0.9999999999999754,0.9999999999999754,0,0.9999999999999754,assigned
45504,1,0.9999999999999686,0.9999999999999686,0,0.9999999999999686,assigned
45505,1,1,1,0,1,assigned
45506,1,0.9999999999999795,0.9999999999999795,0,0.9999999999999795,assigned
45601,3,0.9999999999999805,0.9368963546950855,0.03671768610467948,0.900178668590406,assigned
45612,4,1.0000000000000062,0.5224916645167841,0.2678002503918625,0.2546914141249216,assigned
45613,3,0.999999999999981,0.9100084476643219,0.08998088369910466,0.8200275639652173,assigned
45614,2,1.0000000000000253,0.999984382320732,1.5617679293270508e-5,0.9999687646414387,assigned
45616,2,0.999999999999986,0.7440182694573609,0.25598173054262513,0.4880365389147358,assigned
45617,1,1,1,0,1,assigned
45618,1,1,1,0,1,assigned
45619,1,0.9999999034521305,0.9999999034521305,0,0.9999999034521305,assigned
45620,2,0.9999976818498949,0.9769999106597608,0.022997771190134096,0.9540021394696266,assigned
45621,1,0.9999999999998229,0.9999999999998229,0,0.9999999999998229,assigned
45622,2,0.9999999999999374,0.8245143927029542,0.17548560729698318,0.6490287854059711,assigned
45623,2,0.9999999760271014,0.8971095735107777,0.10289040251632373,0.7942191709944539,assigned
45624,1,0.9999999999997244,0.9999999999997244,0,0.9999999999997244,assigned
45628,2,1.0000000000000024,0.9399428805964188,0.060057119403583686,0.8798857611928351,assigned
45629,2,0.9999994544171156,0.9918764439075118,0.0081230105096037,0.9837534333979081,assigned
45630,1,0.9999999999997955,0.9999999999997955,0,0.9999999999997955,assigned
45631,1,0.9999999643479578,0.9999999643479578,0,0.9999999643479578,assigned
45634,1,0.9999999999999885,0.9999999999999885,0,0.9999999999999885,assigned
45636,2,0.9999999999999791,0.9998157385513787,1.8426144860036645e-4,0.9996314771027783,assigned
45638,2,0.9999998101113048,0.887370431992684,0.11262937811862087,0.7747410538740631,assigned
45640,3,0.999999999999995,0.9986100919636451,0.0013827052659650494,0.9972273866976801,assigned
45642,1,0.9999999999997884,0.9999999999997884,0,0.9999999999997884,assigned
45644,1,0.9999999999999875,0.9999999999999875,0,0.9999999999999875,assigned
45645,1,0.9999999999999825,0.9999999999999825,0,0.9999999999999825,assigned
45646,2,0.9999999999999423,0.9988088604924893,0.0011911395074529884,0.9976177209850363,assigned
45647,2,0.9999999999999959,0.643346064397254,0.35665393560274194,0.286692128794512,assigned
45648,2,0.9999999999999887,0.6772545735592336,0.3227454264407551,0.3545091471184785,assigned
45650,1,1,1,0,1,assigned
45651,2,1.0000000000000162,0.9999995823133595,4.1768665666123566e-7,0.9999991646267028,assigned
45652,1,1,1,0,1,assigned
45653,3,0.9999999999999637,0.9872941488629702,0.012705800806545578,0.9745883480564246,assigned
45654,2,1.0000000000000004,0.7264654905131216,0.27353450948687896,0.45293098102624263,assigned
45656,2,1.000000000000002,0.9918905012273838,0.008109498772618297,0.9837810024547654,assigned
45657,3,0.999999999999952,0.870947314863251,0.11654706699407653,0.7544002478691745,assigned
45658,2,0.9999999999999456,0.9562749256915367,0.04372507430840883,0.9125498513831278,assigned
45659,3,1.000000000000023,0.9976970370024464,0.0021662911210169823,0.9955307458814294,assigned
45660,5,0.999999999999972,0.7652437836738541,0.193218850305992,0.5720249333678622,assigned
45661,3,0.9999999999999971,0.9987658404492821,0.001193430858996397,0.9975724095902857,assigned
45662,1,0.9999994709733416,0.9999994709733416,0,0.9999994709733416,assigned
45663,1,0.9999999828323184,0.9999999828323184,0,0.9999999828323184,assigned
45669,1,0.9999997496147092,0.9999997496147092,0,0.9999997496147092,assigned
45671,3,1.0000000000000306,0.6849763848850665,0.3106384628491859,0.3743379220358806,assigned
45672,2,0.9999999999999927,0.9945264094160225,0.005473590583970097,0.9890528188320524,assigned
45673,1,0.9999999999998351,0.9999999999998351,0,0.9999999999998351,assigned
45674,1,1,1,0,1,assigned
45677,1,0.9999999999999641,0.9999999999999641,0,0.9999999999999641,assigned
45678,2,1.0000000000000788,0.8150694252744616,0.18493057472561725,0.6301388505488443,assigned
45679,2,1.000000000000022,0.8852278948715933,0.1147721051284287,0.7704557897431645,assigned
45680,1,0.999999995350966,0.999999995350966,0,0.999999995350966,assigned
45681,2,0.9999999999999766,0.5196060644876698,0.4803939355123068,0.03921212897536297,assigned
45682,3,0.9999999999999863,0.7674577104680024,0.2198414625714225,0.5476162478965798,assigned
45684,2,0.9999997795146722,0.5781297333863737,0.42187004612829854,0.1562596872580752,assigned
45685,1,0.9999999999999827,0.9999999999999827,0,0.9999999999999827,assigned
45686,2,0.9999999999999926,0.9369837933085152,0.06301620669147737,0.8739675866170379,assigned
45688,2,0.9999999999999845,0.937427071457983,0.06257292854200146,0.8748541429159815,assigned
45690,2,1.0000000000000198,0.9104902886885847,0.08950971131143504,0.8209805773771497,assigned
45692,1,1,1,0,1,assigned
45693,2,0.9999999999999954,0.9984368689140409,0.0015631310859545297,0.9968737378280864,assigned
45694,2,0.9999999999999415,0.9999480955180254,5.190448191600697e-5,0.9998961910361094,assigned
45695,2,0.9999999999999989,0.9999927525682524,7.247431746557271e-6,0.9999855051365059,assigned
45696,2,1.0000000000000167,0.9999936840220829,6.315977933678775e-6,0.9999873680441492,assigned
45697,2,1.0000000000000242,0.5130381553959344,0.4869618446040898,0.026076310791844637,assigned
45698,1,0.9999999999999107,0.9999999999999107,0,0.9999999999999107,assigned
45699,1,0.999999999999863,0.999999999999863,0,0.999999999999863,assigned
45701,2,1.0000000000000275,0.999998733659332,1.2663406954197086e-6,0.9999974673186366,assigned
45710,3,1.0000000000000058,0.6697316757040681,0.18231704978046928,0.48741462592359885,assigned
45711,3,0.9999999999999972,0.7786156580987569,0.1140759458641655,0.6645397122345914,assigned
45714,1,0.9999995746020011,0.9999995746020011,0,0.9999995746020011,assigned
45715,3,0.9999999999999689,0.8542132676385319,0.14092537421001458,0.7132878934285173,assigned
45716,1,0.9999999999998872,0.9999999999998872,0,0.9999999999998872,assigned
45719,1,1,1,0,1,assigned
45720,1,0.9999999999989064,0.9999999999989064,0,0.9999999999989064,assigned
45721,1,0.9999999999998214,0.9999999999998214,0,0.9999999999998214,assigned
45723,3,1.000000000000039,0.7839100125070002,0.16652610375210616,0.617383908754894,assigned
45724,3,1.0000000000000149,0.9999653039068643,3.3354826225101275e-5,0.9999319490806392,assigned
45727,2,1.0000000000000044,0.999998599297157,1.400702847526162e-6,0.9999971985943095,assigned
45729,1,1,1,0,1,assigned
45732,2,0.9999999999999911,0.672102365944756,0.3278976340552351,0.34420473188952094,assigned
45734,2,0.9999999999999979,0.9987309769577235,0.0012690230422743658,0.9974619539154491,assigned
45735,2,0.9999999999999971,0.9981703296344202,0.0018296703655769047,0.9963406592688433,assigned
45739,1,0.9999999999999334,0.9999999999999334,0,0.9999999999999334,assigned
45740,1,1,1,0,1,assigned
45741,3,1.0000000000000409,0.9850173047804099,0.014938165202447248,0.9700791395779627,assigned
45742,2,0.9999998253461133,0.9695988037293787,0.030401021616734615,0.939197782112644,assigned
45743,1,0.9999999999999933,0.9999999999999933,0,0.9999999999999933,assigned
45744,2,0.9999999999999871,0.948985272020919,0.05101472797906812,0.8979705440418508,assigned
45745,3,1.0000000000000007,0.5554048502751604,0.30931863912456947,0.24608621115059093,assigned
45746,2,1.0000000000000184,0.9235003669655788,0.07649963303443973,0.8470007339311391,assigned
45750,1,0.9999999553518383,0.9999999553518383,0,0.9999999553518383,assigned
45760,2,0.9999998520059769,0.9298442441386694,0.07015560786730742,0.8596886362713619,assigned
45761,1,0.9999999999999931,0.9999999999999931,0,0.9999999999999931,assigned
45764,2,0.9999999999999762,0.999991274360441,8.725639535261127e-6,0.9999825487209058,assigned
45766,2,0.9999999999999541,0.806334020360256,0.1936659796396981,0.6126680407205579,assigned
45767,2,0.9999999961338151,0.6823257960981086,0.3176742000357065,0.3646515960624021,assigned
45768,1,0.9999999461992712,0.9999999461992712,0,0.9999999461992712,assigned
45769,2,0.999999982588572,0.9358477498836174,0.06415223270495463,0.8716955171786628,assigned
45770,1,0.9999999960267706,0.9999999960267706,0,0.9999999960267706,assigned
45771,1,0.9999999937498293,0.9999999937498293,0,0.9999999937498293,assigned
45772,2,1.0000000000000089,0.9999722366073385,2.7763392670425288e-5,0.9999444732146681,assigned
45773,1,1,1,0,1,assigned
45775,2,1.0000000000000044,0.9979398430208951,0.002060156979109228,0.9958796860417859,assigned
45776,2,0.9999999999998885,0.5620349305853048,0.43796506941458363,0.12406986117072122,assigned
45778,2,0.9999999999999731,0.955112649721317,0.04488735027865604,0.910225299442661,assigned
45779,1,0.9999999655671564,0.9999999655671564,0,0.9999999655671564,assigned
45780,1,1,1,0,1,assigned
45782,1,1,1,0,1,assigned
45783,1,1,1,0,1,assigned
45784,1,0.9999999999999752,0.9999999999999752,0,0.9999999999999752,assigned
45786,2,0.9999999999999538,0.958061009813673,0.041938990186280764,0.9161220196273923,assigned
45788,1,0.9999999999999963,0.9999999999999963,0,0.9999999999999963,assigned
45789,2,0.9999999999999825,0.9002583606955005,0.09974163930448204,0.8005167213910185,assigned
45801,2,1.0000000000000044,0.9342671738588489,0.06573282614115553,0.8685343477176934,assigned
45804,2,0.9999999999999706,0.8589245146639612,0.1410754853360093,0.7178490293279519,assigned
45805,2,1.000000000000054,0.8166652859582614,0.18333471404179263,0.6333305719164688,assigned
45806,2,0.9999999999999989,0.9622886680900997,0.037711331909899205,0.9245773361802005,assigned
45807,2,0.9999999999999873,0.9829167662797664,0.017083233720220914,0.9658335325595455,assigned
45808,1,1,1,0,1,assigned
45809,1,1,1,0,1,assigned
45810,3,1.0000000000000042,0.8955759811878052,0.07994090122874006,0.8156350799590651,assigned
45812,2,0.99999999999997,0.9796159464760066,0.020384053523963403,0.9592318929520431,assigned
45813,2,0.9996426134513379,0.98373718980694,0.01590542364439787,0.9678317661625422,assigned
45814,1,0.9999999999999951,0.9999999999999951,0,0.9999999999999951,assigned
45815,1,0.9999999999999587,0.9999999999999587,0,0.9999999999999587,assigned
45816,1,1,1,0,1,assigned
45817,2,0.9999999999999947,0.5327125537685864,0.4672874462314083,0.06542510753717812,assigned
45819,1,0.9999999999998473,0.9999999999998473,0,0.9999999999998473,assigned
45820,1,1,1,0,1,assigned
45821,2,1.0000000000000036,0.9654643727000779,0.034535627299925584,0.9309287454001524,assigned
45822,2,1.0000000000000182,0.9102042387941176,0.08979576120590059,0.820408477588217,assigned
45826,1,1,1,0,1,assigned
45827,1,0.9999999999999971,0.9999999999999971,0,0.9999999999999971,assigned
45828,1,0.9999999999999927,0.9999999999999927,0,0.9999999999999927,assigned
45830,3,0.9999999999999972,0.8575857512915,0.10620112083935913,0.7513846304521409,assigned
45831,3,0.9999999999999918,0.8250228804835557,0.15266978622552752,0.6723530942580281,assigned
45832,1,0.999838744927506,0.999838744927506,0,0.999838744927506,assigned
45833,2,1.0000000000000036,0.9006213478531544,0.09937865214684921,0.8012426957063052,assigned
45835,1,0.9999999999999988,0.9999999999999988,0,0.9999999999999988,assigned
45836,2,1.0000000000000047,0.9580573498876275,0.0419426501123772,0.9161146997752503,assigned
45838,1,1,1,0,1,assigned
45840,1,1,1,0,1,assigned
45841,2,1.000000000000022,0.9999617674453664,3.8232554655641724e-5,0.9999235348907107,assigned
45843,4,1.0000000000000082,0.7455237046588774,0.11968447364028834,0.6258392310185891,assigned
45844,2,0.9999999999999705,0.8549148749281191,0.14508512507185137,0.7098297498562678,assigned
45845,2,0.9999999999999719,0.8844402214860221,0.11555977851394986,0.7688804429720723,assigned
45846,2,0.9976974349652388,0.9616843509871505,0.036013083978088195,0.9256712670090623,assigned
45848,1,1,1,0,1,assigned
45849,1,1,1,0,1,assigned
45850,2,1.000000000000027,0.8079947720643368,0.19200522793569022,0.6159895441286466,assigned
45851,1,1,1,0,1,assigned
45853,1,0.9999999999998924,0.9999999999998924,0,0.9999999999998924,assigned
45854,1,0.9999999999999236,0.9999999999999236,0,0.9999999999999236,assigned
45855,1,0.9999999999999525,0.9999999999999525,0,0.9999999999999525,assigned
45856,3,0.9999999999999901,0.9452608175758708,0.04222048393356358,0.9030403336423072,assigned
45858,2,1.000000000000008,0.9999985027740892,1.4972259187422563e-6,0.9999970055481705,assigned
45859,1,0.999999999999901,0.999999999999901,0,0.999999999999901,assigned
45860,1,0.9999999999999966,0.9999999999999966,0,0.9999999999999966,assigned
45861,1,0.9999999999999745,0.9999999999999745,0,0.9999999999999745,assigned
45862,3,1.0000000000000056,0.8722155468216309,0.1277081571228973,0.7445073896987336,assigned
45863,1,1,1,0,1,assigned
45864,1,0.9999999999999608,0.9999999999999608,0,0.9999999999999608,assigned
45865,2,0.9999999999999759,0.7699602496605299,0.230039750339446,0.5399204993210839,assigned
45866,1,1,1,0,1,assigned
45867,1,0.9999999999999815,0.9999999999999815,0,0.9999999999999815,assigned
45868,1,1,1,0,1,assigned
45869,2,0.9999999999999859,0.9581900085533901,0.04180999144659576,0.9163800171067943,assigned
45870,1,0.9999999999997838,0.9999999999997838,0,0.9999999999997838,assigned
45871,2,0.9999999999999925,0.999986000904334,1.3999095658417127e-5,0.9999720018086755,assigned
45872,2,0.9999999999999768,0.865183490489854,0.13481650951012283,0.7303669809797312,assigned
45873,2,0.9999999999999959,0.999990260073579,9.739926416801194e-6,0.9999805201471622,assigned
45874,1,0.9999999999999897,0.9999999999999897,0,0.9999999999999897,assigned
45875,3,1.0000000000000122,0.8991461942830359,0.06777115302425384,0.831375041258782,assigned
45876,1,0.9999999999999266,0.9999999999999266,0,0.9999999999999266,assigned
45877,2,1.0000000000000095,0.9376588705278519,0.06234112947215761,0.8753177410556943,assigned
45879,1,0.9999999999999911,0.9999999999999911,0,0.9999999999999911,assigned
45880,1,0.9998508389797575,0.9998508389797575,0,0.9998508389797575,assigned
45881,1,0.999999999999987,0.999999999999987,0,0.999999999999987,assigned
45882,1,0.9999999999999974,0.9999999999999974,0,0.9999999999999974,assigned
45883,2,0.9999999999999796,0.9999989289148682,1.0710851113467292e-6,0.9999978578297568,assigned
45884,1,1,1,0,1,assigned
45885,2,0.9999999999999926,0.9092975368831497,0.09070246311684278,0.8185950737663069,assigned
45886,1,1,1,0,1,assigned
45887,3,0.9999999999999671,0.9371180819057132,0.0588969726585326,0.8782211092471807,assigned
45888,1,0.9999999999998361,0.9999999999998361,0,0.9999999999998361,assigned
45889,2,1.0000000000000169,0.9453460742344748,0.05465392576554202,0.8906921484689327,assigned
45890,1,0.9999999999999989,0.9999999999999989,0,0.9999999999999989,assigned
45891,1,0.9999999999999898,0.9999999999999898,0,0.9999999999999898,assigned
45893,1,0.9999999999998163,0.9999999999998163,0,0.9999999999998163,assigned
45894,2,1.0000000000000033,0.6851168365517156,0.3148831634482877,0.3702336731034279,assigned
45895,4,0.9999999999999819,0.7337739862706709,0.12208839085005235,0.6116855954206186,assigned
45896,2,0.9999999999999954,0.9386677486751691,0.061332251324826316,0.8773354973503428,assigned
45897,1,0.9999999999997665,0.9999999999997665,0,0.9999999999997665,assigned
45898,1,0.9996188211998347,0.9996188211998347,0,0.9996188211998347,assigned
45899,1,0.999999999999893,0.999999999999893,0,0.999999999999893,assigned
